https://www.trendyol.com/sr?cid=566787,566791,566790,566794,566795,566796,566797,566776,566603;200;435
https://www.trendyol.com/trendyolmilla--trendyol-man---trendyolmodest-yeni-sezon/butikdetay/568034;200;563
https://www.trendyol.com/sr?cid=568011,568012,568014;200;143
https://www.trendyol.com/kisisel-bakim-dunyasi/butikdetay/568142;200;455
https://www.trendyol.com/sr?cid=567926,567927;200;479
https://www.trendyol.com/mayis-ayi-kozmetik-onerileri/butikdetay/567311;200;250
https://www.trendyol.com/addax---kadin-tekstil/butikdetay/566798;200;237
https://www.trendyol.com/tum--urunler?butik=566962,566961,566957,566974,566958,567033,566960,566942;200;246
https://www.trendyol.com/gozlukte-dev-indirim/butikdetay/568348;200;258
https://www.trendyol.com/sr?cid=566562,566623;200;157
https://www.trendyol.com/ayakkabida-mayis-firsatlari/butikdetay/544139;200;176
https://www.trendyol.com/sr?cid=567892,567891;200;178
https://www.trendyol.com/saatini--gozlugunu-sec/butikdetay/568350;200;215
https://www.trendyol.com/tum--urunler?siralama=4&butik=568183,568184;200;204
https://www.trendyol.com/en-sevdiginiz-mobilyalar/butikdetay/567604;200;273
https://www.trendyol.com/tum--urunler?siralama=4&butik=564511;200;568
https://www.trendyol.com/miniklerin-en-sevdikleri/butikdetay/568289;200;230
https://www.trendyol.com/penti---ev-giyim--ic-giyim--mayo/butikdetay/498246;200;196
https://www.trendyol.com/sr?cid=568027,568026,568029,568028,561703,568032;200;407
https://www.trendyol.com/luvishoes---yeni-sezon/butikdetay/568471;200;238
https://www.trendyol.com/sr?cid=568037,568041,568040,568036,568391,568392,568396,568372,568039,568042,568035;200;484
https://www.trendyol.com/mavi---yeni-sezon/butikdetay/568185;200;592
https://www.trendyol.com/sr?cid=567934,567935;200;203
https://www.trendyol.com/otomobil-ve-motosiklet-lastiklerinde-bahar-firsati/butikdetay/567241;200;771
https://www.trendyol.com/flo--ozel-firsatlar/butikdetay/567491;200;457
https://www.trendyol.com/sr?cid=562174,559019,559017,562203,566369;200;274
https://www.trendyol.com/gozlukte-firsat-zamani/butikdetay/568354;200;1039
https://www.trendyol.com/sr/kadin-x-g1?cid=568015,568016;200;292
https://www.trendyol.com/sr?q=loft&qt=loft&st=loft&os=1;200;250
https://www.trendyol.com/size-ozel-bakim-urunleri/butikdetay/536797;200;482
https://www.trendyol.com/sr?wg=1&wcl=2,20,12,11,9,15&bu=66,46,43;200;536
https://www.trendyol.com/ebebek/butikdetay/566006;200;203
https://www.trendyol.com/sr/trendyol-modest-x-b143760;200;274
https://www.trendyol.com/eglence-dunyasi---mayis/butikdetay/567096;200;618
https://www.trendyol.com/sogutlu-silver--izla-design--elika-silver--sumer-telkari--ninova-silver/butikdetay/568093;200;212
https://www.trendyol.com/sr?q=us+polo+assn&qt=us+polo+assn&st=us+polo+assn&sst=BEST_SELLER;200;305
https://www.trendyol.com/bershka---yeni-sezon/butikdetay/548505;200;178
https://www.trendyol.com/sr?cid=568456,568457,568458;200;153
https://www.trendyol.com/trendyolmilla--trendyol-man-trendyolmodest--cok-satanlarda-firsat/butikdetay/568021;200;208
https://www.trendyol.com/sr?cid=567223,567224,567220,567222,567221,559984;200;215
https://www.trendyol.com/bahce--yapi-market--hirdavat-urunlerinde-cok-satanlar/butikdetay/567568;200;559
https://www.trendyol.com/sr?q=k%C3%BCpe&qt=k%C3%BCpe&st=k%C3%BCpe&os=1;200;619
https://www.trendyol.com/madame-coco---sofra--mutfak--ev-tekstili/butikdetay/567955;200;222
https://www.trendyol.com/sr?wb=1340%2C109011%2C108647%2C109074%2C108473%2C109012%2C105103%2C106318%2C108956%2C108840%2C105303&wc=28&qt=tak%C4%B1&st=tak%C4%B1&sst=BEST_SELLER&pi=2;200;495
https://www.trendyol.com/sr?cid=568037,568041,568040,568036,568391,568392,568396,568372,568039,568042,568035;200;241
https://www.trendyol.com/supermarkette-temel-ihtiyaclariniz-kapinizda/butikdetay/566842;200;228
https://www.trendyol.com/aqua-di-polo-saat--gunes-gozlugu/butikdetay/568311;200;229
https://www.trendyol.com/lezzetli-mutfak-bayram-firsati/butikdetay/568179;200;248
https://www.trendyol.com/stradivarius---yeni-sezon/butikdetay/550227;200;267
https://www.trendyol.com/sr?wc=110,111,1147,1202,103687;200;276
https://www.trendyol.com/pet-dunyasi/butikdetay/565592;200;460
https://www.trendyol.com/sr?rb=598&bu=100148;200;402
https://www.trendyol.com/banyo-urunleri-firsatlari---sepette-40-indirim/butikdetay/567874;200;327
https://www.trendyol.com/bayram-temizligi/butikdetay/546856;200;475
https://www.trendyol.com/kisisel-bakim-aletlerinde-bahar-firsatlari/butikdetay/566944;200;180
https://www.trendyol.com/migros-kargo-operasyonu/butikdetay/511498;200;232
https://www.trendyol.com/sr?cid=567624,567626,567625;200;237
https://www.trendyol.com/tarzini-aksesuarla-tamamla/butikdetay/568072;200;214
https://www.trendyol.com/gida-ve-icecek-bayram-firsati/butikdetay/568180;200;269
https://www.trendyol.com/otomobil-ve-motosiklet-urunlerinde-cok-satanlar/butikdetay/567596;200;409
https://www.trendyol.com/sr?cid=563430,568136;200;265
https://www.trendyol.com/pull--bear---yeni-sezon/butikdetay/564252;200;278
https://www.trendyol.com/sr?cid=567908,567922;200;200
https://www.trendyol.com/madmext---sepette-15-indirim-/butikdetay/561102;200;210
https://www.trendyol.com/dev-indirim---ev/butikdetay/549565;200;192
https://www.trendyol.com/sr?rb=19%2C2391%2C787%2C362%2C1471%2C2939%2C1370%2C33798%2C3476%2C970693%2C279%2C969525%2C828%2C22%2C121%2C3510%2C52%2C598%2C1039793%2C1471%2C111497%2C969527%2C391%2C1009%2C8889&wg=2&wc=73&qt=t-shirt&st=t-shirt&sst=BEST_SELLER;200;381
https://www.trendyol.com/tonny-black---buyuk-firsat/butikdetay/568216;200;606
https://www.trendyol.com/dekorasyon-ve-aydinlatmada-bayram-indirimi/butikdetay/567821;200;312
https://www.trendyol.com/sr?cid=567641,567640,567643,567642,567646,567644,567006,567007,568385,568387,568386;200;282
https://www.trendyol.com/mudo---kadin--erkek-tekstil---yeni-sezon/butikdetay/566555;200;1044
https://www.trendyol.com/sr?mid=4576;200;212
https://www.trendyol.com/bambi---yeni-sezon/butikdetay/567723;200;415
https://www.trendyol.com/saat--saat/butikdetay/568349;200;301
https://www.trendyol.com/sr?q=kolye&qt=kolye&st=kolye&os=1;200;327
https://www.trendyol.com/trendyolmilla--trendyol-man---always-young/butikdetay/565355;200;589
https://www.trendyol.com/bebek-beziislak-mendilmama-bayram-firsati/butikdetay/567671;200;282
https://www.trendyol.com/sr?cid=567504,567509,567510;200;426
https://www.trendyol.com/evde-bakim-ve-masaj-trendi/butikdetay/568149;200;231
https://www.trendyol.com/sr?q=adidas&qt=adidas&st=adidas&os=1;200;370
https://www.trendyol.com/sacta-devrim/butikdetay/549220;200;298
https://www.trendyol.com/sr?cid=553199,568390;200;252
https://www.trendyol.com/armonika---kadin-tekstil/butikdetay/568202;200;256
https://www.trendyol.com/sofra-mutfak-firsatlari---sepette-15/butikdetay/560422;200;227
https://www.trendyol.com/sr?cid=553199,568390;200;211
https://www.trendyol.com/sr?q=skechers&qt=skechers&st=skechers&os=1;200;291
https://www.trendyol.com/bayram-temizliginde-kacirilmayacak-firsatlar/butikdetay/567964;200;316
https://www.trendyol.com/sr?wc=101408,109045,109041,109042,109038,109039,109043,109052,109044,109046,109040;200;313
https://www.trendyol.com/skechers/butikdetay/568135;200;330
https://www.trendyol.com/magaza/suwen-m-367?isLegalRequirementConfirmed=true,true&sst=0;200;167
https://www.trendyol.com/spor--outdoor-ekipmanlarinda-bayram-firsatlari/butikdetay/568137;200;256
https://www.trendyol.com/saglikta-tum-ihtiyaclariniz/butikdetay/568150;200;345
https://www.trendyol.com/sr?cid=567916,567923;200;203
https://www.trendyol.com/buyuk-beden-trendleri---kadin-tekstil/butikdetay/307535;200;253
https://www.trendyol.com/sr?mid=823;200;231
https://www.trendyol.com/viruse-karsi-onlemler/butikdetay/566320;200;348
https://www.trendyol.com/trendyolmilla--trendyol-man---garage-sale/butikdetay/554305;200;307
https://www.trendyol.com/sr?rb=58,22,502,27,995762,1867,26,828;200;229
https://www.trendyol.com/massimo-dutti-yeni-sezon/butikdetay/567623;200;206
https://www.trendyol.com/sr?q=g%C3%BCne%C5%9F%20%C3%BCr%C3%BCnleri&qt=g%C3%BCne%C5%9F%20%C3%BCr%C3%BCnleri&st=g%C3%BCne%C5%9F%20%C3%BCr%C3%BCnleri&os=1;200;361
https://www.trendyol.com/angelsin--merry-see---plaj--ic-giyim/butikdetay/408294;200;241
https://www.trendyol.com/sr?wb=37;200;239
https://www.trendyol.com/deripapuc---yeni-sezon/butikdetay/533349;200;480
https://www.trendyol.com/sr?cid=568383,568384;200;300
https://www.trendyol.com/oysho--yeni-sezon/butikdetay/558921;200;245
https://www.trendyol.com/sr?rb=15,16,17&cid=567804;200;553
https://www.trendyol.com/bebek-bezi--islak-mendil--bakim-ortusu/butikdetay/538174;200;183
https://www.trendyol.com/sr?wc=111,263,592,143211,101448,1358,101458,119,1016,101458,66,104224,1115,101490,1004,104144,101468,101490,101469,103687,104224,66,101465,1147&bu=100146,100283,100151,100166,100147;200;298
https://www.trendyol.com/parfum-dunyasi/butikdetay/549246;200;262
https://www.trendyol.com/aydinlatmada-indirim-zamani---sepette-35/butikdetay/564677;200;598
https://www.trendyol.com/sr?q=sa%C3%A7%20aksesuarlar%C4%B1&qt=sa%C3%A7%20aksesuarlar%C4%B1&st=sa%25C3%25A7%2520akses&os=1;200;1449
https://www.trendyol.com/sarrafiyede-kacirilmayacak-fiyatlar/butikdetay/568096;200;141
https://www.trendyol.com/spor-salonunu-evinize-tasiyin/butikdetay/566775;200;155
https://www.trendyol.com/sr?q=nike&qt=nike&st=nike&os=1;200;269
https://www.trendyol.com/pratik-ev-gerecleri/butikdetay/556240;200;212
https://www.trendyol.com/aldo--sole-sisters/butikdetay/554414;200;242
https://www.trendyol.com/kisisel-bakimda-kacirilmayacak-bayram-firsatlari/butikdetay/567861;200;297
https://www.trendyol.com/sr?cid=567818,567834,567835,567824,567832,567836,567837,567840;200;535
https://www.trendyol.com/ocean-home-sepette-40/butikdetay/568316;200;362
https://www.trendyol.com/salon-mobilyasinin-vazgecilmezleri/butikdetay/568103;200;415
https://www.trendyol.com/sr?q=puma&qt=puma&st=puma&os=1;200;618
https://www.trendyol.com/sr?wb=318&mid=1024,107040,220175;200;346
https://www.trendyol.com/riccon---yeni-sezon/butikdetay/553321;200;261
https://www.trendyol.com/sr?cid=567159,567153,567158,567155,567710;200;402
https://www.trendyol.com/estee-laudercliniquemacbobbi-brownsmashboxaveda/butikdetay/567015;200;308
https://www.trendyol.com/sr?wb=714,129;200;184
https://www.trendyol.com/inan-ayakkabi/butikdetay/543640;200;250
https://www.trendyol.com/gumus-takilarda-buyuk-indirim/butikdetay/568075;200;288
https://www.trendyol.com/sr?wg=1%2C2%2C3&wc=120%2C73&bu=100148%2C100151%2C76&sst=SCORE;200;841
https://www.trendyol.com/guneskizi---kadin-tekstil/butikdetay/536597;200;240
https://www.trendyol.com/sr?cid=566806,566807,566912,553338,553589;200;238
https://www.trendyol.com/penti---plaj-giyim---net-40-indirim/butikdetay/566505;200;202
https://www.trendyol.com/miorre---ic-giyim--gecelik/butikdetay/420742;200;513
https://www.trendyol.com/tesettur-giyim-firsatlari---kadin-tekstil/butikdetay/330592;200;252
https://www.trendyol.com/schafer/butikdetay/566436;200;578
https://www.trendyol.com/saglikta-mayis-indirimi/butikdetay/566321;200;207
https://www.trendyol.com/madamra---canta-koleksiyonu/butikdetay/547470;200;195
https://www.trendyol.com/sr/kadin-x-g1?cid=568307,568309,568308,568306;200;221
https://www.trendyol.com/mite-love--eminna---ev-giyim--ic-giyim--plaj/butikdetay/408641;200;406
https://www.trendyol.com/sr?mid=107109;200;194
https://www.trendyol.com/mutfakta-yildizli-urunler/butikdetay/567673;200;251
https://www.trendyol.com/banyonuz-icin-her-sey/butikdetay/558497;200;279
https://www.trendyol.com/ipekyol--twist--sepette-30-indirim/butikdetay/566822;200;272
https://www.trendyol.com/sr?wc=86&mid=360260&prc=0-100;200;196
https://www.trendyol.com/siyah-inci---pijama--ic-giyim/butikdetay/457691;200;212
https://www.trendyol.com/bayram-temizligi-sepet-indirimleri/butikdetay/566343;200;233
https://www.trendyol.com/dagi---ev-giyim--ic-giyim/butikdetay/301248;200;394
https://www.trendyol.com/sr?wc=117&bu=100151,100166,100283,100147,100145,100146;200;205
https://www.trendyol.com/muya---ayakkabi--terlik-koleksiyonu/butikdetay/548367;200;218
https://www.trendyol.com/pierre-cardin---ic-giyim/butikdetay/567898;200;254
https://www.trendyol.com/sr?cid=567863,567864,567865,567866,567867,567868,567869;200;260
https://www.trendyol.com/kitap-fuari/butikdetay/567509;200;468
https://www.trendyol.com/sr?cid=567706,567708,567709,567845,567850;200;263
https://www.trendyol.com/mobilyada-cocuk-senligi/butikdetay/566826;200;358
https://www.trendyol.com/gozlukte-sezon-indirimi/butikdetay/566889;200;247
https://www.trendyol.com/sr?q=%C5%9Fapka&qt=%C5%9Fapka&st=%25C5%259Fapka&os=1;200;478
https://www.trendyol.com/sr?cid=568453,568454,568455,568450,568452;200;139
https://www.trendyol.com/evde-favori-spor-urunleri/butikdetay/563599;200;470
https://www.trendyol.com/dilvin---yeni-sezon---kadin-tekstil/butikdetay/547315;200;291
https://www.trendyol.com/exxeselection/butikdetay/537154;200;241
https://www.trendyol.com/derimod---bayram-firsatlari/butikdetay/567746;200;240
https://www.trendyol.com/sr?cid=566558,548582;200;204
https://www.trendyol.com/mudo-concept-3-al-2-ode-mutfak--banyo--ev-tekstili/butikdetay/567860;200;210
https://www.trendyol.com/en-sevilen-aksesuarlar/butikdetay/568215;200;407
https://www.trendyol.com/kisisel-bakimda-bayram-firsatlari-sepette-15-indirim/butikdetay/567859;200;448
https://www.trendyol.com/ipekyoltwist---kadin-tekstil/butikdetay/544560;200;222
https://www.trendyol.com/dogal-ve-organik-urunler/butikdetay/523433;200;245
https://www.trendyol.com/tum--urunler?siralama=4&butik=567735,567734,567733,567732;200;296
https://www.trendyol.com/marks--spencer---kadin--erkek--cocuk-tekstil/butikdetay/548369;200;237
https://www.trendyol.com/sr?cid=566281,566280,566279;200;243
https://www.trendyol.com/yargici-yeni-sezon/butikdetay/553368;200;495
https://www.trendyol.com/rossmann-da-bayram-temizligi/butikdetay/559246;200;527
https://www.trendyol.com/dermoaktif/butikdetay/534486;200;282
https://www.trendyol.com/elitol-premium--strawberry---pijama--ic-giyim/butikdetay/450993;200;252
https://www.trendyol.com/sr?cid=563713,563714;200;237
https://www.trendyol.com/sr?wc=110,111,112&bu=100146,100151,100145,100283,100147&sst=MOST_FAVOURITE;200;232
https://www.trendyol.com/sr?wb=144173%2C144174%2C144227%2C144228&sst=BEST_SELLER&pi=1;200;812
https://www.trendyol.com/benetton---shoessandals/butikdetay/562626;200;407
https://www.trendyol.com/ipekyol--twist--outlet-senligi/butikdetay/561807;200;277
https://www.trendyol.com/saat--saat/butikdetay/568060;200;214
https://www.trendyol.com/dark-seer---yeni-sezon/butikdetay/553316;200;218
https://www.trendyol.com/kedi-mamalari/butikdetay/559962;200;412
https://www.trendyol.com/sr?cid=559068,566978;200;196
https://www.trendyol.com/fullamoda---kadin--erkek-tekstil/butikdetay/394702;200;224
https://www.trendyol.com/sr?cid=568146,568147,568148,567096,567534,568145,568181,568194,568195,568196;200;483
https://www.trendyol.com/organize-ve-eglenceli---ev/butikdetay/568217;200;221
https://www.trendyol.com/penti---young---net-40-indirim/butikdetay/567873;200;381
https://www.trendyol.com/stil-sahibi-kadinlar-icin-ayakkabi/butikdetay/566915;200;230
https://www.trendyol.com/greyder--bayram-firsatlari/butikdetay/559182;200;311
https://www.trendyol.com/kedi-kumlari/butikdetay/567545;200;539
https://www.trendyol.com/w-collection/butikdetay/565534;200;379
https://www.trendyol.com/saatini--gozlugunu-sec/butikdetay/568097;200;1097
https://www.trendyol.com/polo55--silvio-monetti/butikdetay/568318;200;228
https://www.trendyol.com/join-us---yeni-sezon---kadin-tekstil/butikdetay/531726;200;412
https://www.trendyol.com/en-sevilen-ofis-teknolojileri/butikdetay/567272;200;230
https://www.trendyol.com/bahce-balkon-mobilyalarinda-buyuk-firsat/butikdetay/568227;200;248
https://www.trendyol.com/sevim--gizzey---pijama--ic-giyim/butikdetay/402741;200;237
https://www.trendyol.com/bambi---yaz-koleksiyonu/butikdetay/565748;200;239
https://www.trendyol.com/sezon-firsatlari-by-saygi---kadin-tekstil/butikdetay/556062;200;596
https://www.trendyol.com/birkenstock---terlik-koleksiyonu/butikdetay/470843;200;244
https://www.trendyol.com/xhan---yeni-koleksiyon---kadin-tekstil/butikdetay/484541;200;235
https://www.trendyol.com/yatak-odasi-mobilyalarinizin-vazgecilmezleri/butikdetay/567614;200;315
https://www.trendyol.com/luis-polo/butikdetay/568047;200;258
https://www.trendyol.com/saglikta-elektronik-firsatlari/butikdetay/567810;200;294
https://www.trendyol.com/mudo---kadin--erkek-tekstil---garage-sale/butikdetay/566556;200;896
https://www.trendyol.com/uterque---yeni-sezon/butikdetay/558915;200;247
https://www.trendyol.com/rodi-jeans---erkek--kadin-tekstil/butikdetay/547589;200;446
https://www.trendyol.com/u-s--polo---canta-koleksiyonu/butikdetay/498446;200;614
https://www.trendyol.com/sr?cid=567240,567242,567243,567245;200;412
https://www.trendyol.com/seramikkil-atolyesi/butikdetay/567275;200;251
https://www.trendyol.com/sr?cid=568119,568112,568102,567577;200;236
https://www.trendyol.com/vakko/butikdetay/568211;200;635
https://www.trendyol.com/sr?wc=34&wb=306&qt=saat&st=saat&sst=BEST_SELLER;200;186
https://www.trendyol.com/sr/cocuk-x-g3?cid=567182,567168,567164,567172,567180,567185,568023,568110,568030,568341,568340,568295;200;488
https://www.trendyol.com/sr?cid=566467,566466%0D;200;243
https://www.trendyol.com/sr?wb=136&cid=567804,567958;200;308
https://www.trendyol.com/sr?fl=gas500topproduct;200;394
https://www.trendyol.com/sr?wc=109454,109456,109455,109094,109095,109453;200;436
https://www.trendyol.com/sr?cid=567892,567891;200;270
https://www.trendyol.com/sr?cid=566973,566971,566970,566969,561498,567962,567704;200;496
https://www.trendyol.com/sr?wb=454&mid=1024,107040,220175;200;329
https://www.trendyol.com/sr?cid=567715,556046;200;252
https://www.trendyol.com/tchibo---kadin--erkek--cocuk-tekstil/butikdetay/540850;200;308
https://www.trendyol.com/sr?cid=568189,567874;200;299
https://www.trendyol.com/sr?cid=568078,567403,568081;200;250
https://www.trendyol.com/sr?wc=34%2C105&sst=BEST_SELLER&prc=0-60;200;593
https://www.trendyol.com/sr?cid=555258,567535,567536,567537,567538,567539,567540,567541,567542,567543,567544;200;324
https://www.trendyol.com/sr?cid=567607,567606%0D;200;211
https://www.trendyol.com/sr?cid=567628,567629,567631,567627,567666,568062,568329;200;292
https://www.trendyol.com/sr?cid=567078,568077;200;198
https://www.trendyol.com/deichmann/butikdetay/560500;200;269
https://www.trendyol.com/sr?cid=563625,548266;200;213
https://www.trendyol.com/sr?q=tonny%20black%20%C3%A7anta&qt=tonny%20black%20%C3%A7anta&st=tonny%2520black%2520&os=1;200;417
https://www.trendyol.com/sr?fl=denim_on_denim;200;224
https://www.trendyol.com/sr?wb=155,102868;200;480
https://www.trendyol.com/tum--urunler?butik=567218,567219,567215,567214,567212,568214;200;287
https://www.trendyol.com/sr?rb=9247,366101,976323,963316,9195,15458,35426,24046,16226,2910,1390,41020,1159373,15460,25186,15459,978616,16123,9240,28315,2267,37569,34032,386,41535,481,28363,9248,9143,10864,1410,13380,10212,682&cid=567804;200;316
https://www.trendyol.com/sr?rb=752,10737,11517,1402,10751,3455,8276,2553,9022,17239,13111,2093,16431,34113,2326,15000,950855,970210,13546,7998,13413,944548,687251,16918,25658,12128,15838,15598,5036,995761,15812,30503,146997,15447,11910,35122,21464,14897,895805,978039,22382,15460,744001,16031,364901,15198,15831,15824,10744,15834,164847,1070638,31664,22929,68797,268098,5077,15931,177,16556,15473,68697,1060507,35381,25659,995756,31668,715201,13414,346450,30669,20311,1764,975344,34183,42340,2732,28323,31244,12524,35125,978616,159397,2267,3180,31293,752201,31659,25552,997981,15421,9302,31661,42394,42175,140297,15833,15839,589,23923,8277,7675,34150,20312,28327,12130,12129,15853,1372,30521&cid=567799,567796,567797,567795,567806,567808,567794,567803,567809,567889,567890,567804;200;312
https://www.trendyol.com/sr?wc=105&wb=303&qt=g%C3%BCne%C5%9F+g%C3%B6zl%C3%BC%C4%9F%C3%BC&st=g%C3%BCne%C5%9F&sst=MOST_FAVOURITE;200;288
https://www.trendyol.com/sr?cid=568079,568082;200;180
https://www.trendyol.com/sr?cid=567606,567607;200;188
https://www.trendyol.com/sr?mid=229320&sst=MOST_FAVOURITE;200;241
https://www.trendyol.com/sr?wg=1,2,3&wb=333,308,54,458,105801,105433,512,614,109611,634,184,745,987,109551,107649,101885,108400&wc=34,105,101465,106321,103542,103546,115,1032,1152,106322,1093,103547,103549,104145,106323,109007,104144,103544,103554,1151,103541,1098,103551,103552,103555,106325&bu=100160,100161,100103,100102,89,90,91,92;200;341
https://www.trendyol.com/sr?rb=1479,865,3399,46,469,11&cid=567804;200;239
https://www.trendyol.com/sr?mid=363706;200;162
https://www.trendyol.com/parfumde-kacirilmayacak-firsat/butikdetay/568232;200;472
https://www.trendyol.com/sr?q=AVON&qt=AVON&st=AVON&os=1;200;328
https://www.trendyol.com/sr?cid=562083,566841,566843,566844,566885,566886;200;247
https://www.trendyol.com/magaza/bobbi-brown-m-107035?sst=0;200;1156
https://www.trendyol.com/sr?wb=1340%2C102453%2C109011%2C108647%2C109074%2C108473%2C105103%2C106318&wc=28&qt=tak%C4%B1&st=tak%C4%B1&sst=MOST_RECENT;200;468
https://www.trendyol.com/magaza/schafer-m-110229?sst=0;200;183
https://www.trendyol.com/sr?cid=567277,548358;200;208
https://www.trendyol.com/sr?fl=saatsetleri;200;239
https://www.trendyol.com/sr?wc=117&bu=100145,100283,100166,100151,100147,100146;200;202
https://www.trendyol.com/sr?cid=564677,567829;200;200
https://www.trendyol.com/sr?cid=558774,559107,559105,559106,559109;200;291
https://www.trendyol.com/sr?fl=su_gecirmez_botlar;200;222
https://www.trendyol.com/magaza/platin-reyon-m-107315?sst=0;200;225
https://www.trendyol.com/sr?cid=566733,566734,566736,567052,567051;200;432
https://www.trendyol.com/sr?q=hamile%20giyim&qt=hamile%20giyim&st=hamile%20giyim&os=1&bu=43;200;173
https://www.trendyol.com/sr?q=reebok&qt=reebok&st=reebok&os=1;200;659
https://www.trendyol.com/magaza/le-color-m-1147?sst=0;200;193
https://www.trendyol.com/konforlu-calisma-alanlari/butikdetay/560855;200;829
https://www.trendyol.com/sr?cid=567171,567169%0D;200;195
https://www.trendyol.com/sr?wb=104687;200;345
https://www.trendyol.com/sr?cid=563713,563714;200;193
https://www.trendyol.com/sr/kadin-x-g1?cid=567834,567836,567832,567824,567837,567835,567818,567840,567903;200;351
https://www.trendyol.com/sr?q=tesbih&qt=tesbih&st=tesbi&os=1;200;231
https://www.trendyol.com/sr?rb=13,3266&cid=567799,567796,567797,567795,567806,567808,567794,567803,567809,567804;200;242
https://www.trendyol.com/sr?mid=108090;200;244
https://www.trendyol.com/sr?wc=1057,109379,101422,109392,105794,109418,101428,1174,1054,104224,101458,109027&bu=100146,100166,100277,100147,100283;200;239
https://www.trendyol.com/sr?cid=556044,566327,566328,566329,566330,566331,566332,566333,566334,566336,566337,566338,566902,566901,566876,567361,567948,567949,567950,567951,567952,567953,567954;200;524
https://www.trendyol.com/mobilyada-en-yeniler/butikdetay/568168;200;258
https://www.trendyol.com/sr?cid=568131,568197;200;231
https://www.trendyol.com/sr?wc=103498&mid=107870;200;330
https://www.trendyol.com/sr?cid=568053,567447;200;621
https://www.trendyol.com/sr?wb=298,474,473,452,105801,458,399,459,102342&wc=105&qt=g%C3%BCne%C5%9F%20g%C3%B6zl%C3%BC%C4%9F%C3%BC&st=g%C3%BCne%C5%9F&sst=BEST_SELLER;200;252
https://www.trendyol.com/sr?mid=504;200;181
https://www.trendyol.com/sr?cid=566978,559068;200;220
https://www.trendyol.com/vis-a-vis---kadin-tekstil---10/butikdetay/567942;200;241
https://www.trendyol.com/sr?cid=566242,566241,566245,567041,567042,567233,567234,567235,567756,567757,567758,568092,568033;200;424
https://www.trendyol.com/sr?prm=1135379&mid=111214;200;222
https://www.trendyol.com/sr?q=parf%C3%BCm&qt=parf%C3%BCm&st=parf%C3%BCm&prc=0-100;200;573
https://www.trendyol.com/sr?wb=49&mid=1024,107040,220175;200;177
https://www.trendyol.com/ray-ban--vogue--gunes-gozlugu-koleksiyonu/butikdetay/566294;200;744
https://www.trendyol.com/sr?mid=105155;200;397
https://www.trendyol.com/sr?rb=598&bu=100148;200;160
https://www.trendyol.com/sr?wc=106320&wc=106088&wc=106086&wc=106089&prc=0-250;200;258
https://www.trendyol.com/sr?fl=canta_festivali;200;226
https://www.trendyol.com/sr?cid=558127,553076;200;242
https://www.trendyol.com/sr?mid=117225;200;224
https://www.trendyol.com/sr?q=teknoloji%20urunleri&qt=teknoloji%20%C3%BCr%C3%BCnleri&st=giyilebilir%2520&os=1;200;370
https://www.trendyol.com/sr?bu=100147&wg=1,2,3;200;236
https://www.trendyol.com/fox---yeni-sezon/butikdetay/543648;200;535
https://www.trendyol.com/sr?cid=568297,568298,568299;200;423
https://www.trendyol.com/sr?cid=566459,566460,568167;200;228
https://www.trendyol.com/magaza/betateashop-m-107669;200;384
https://www.trendyol.com/ccity---ev-giyim--ic-giyim/butikdetay/517648;200;203
https://www.trendyol.com/pierre-cardin---ayakkabi--terlik-koleksiyonu/butikdetay/427847;200;396
https://www.trendyol.com/suwen---bayram-firsatlari/butikdetay/567956;200;282
https://www.trendyol.com/anne--bebek-bakim-buyuk-firsat/butikdetay/568325;200;234
https://www.trendyol.com/saatte-dev-indirim/butikdetay/566964;200;614
https://www.trendyol.com/katia--bony/butikdetay/406501;200;722
https://www.trendyol.com/osse--hawk--mustang-gunes-gozlugu-koleksiyonu/butikdetay/566296;200;269
https://www.trendyol.com/gon---yeni-sezon/butikdetay/567548;200;196
https://www.trendyol.com/arma-life/butikdetay/557029;200;644
https://www.trendyol.com/daniel-klein---homies---qq---ferrucci---toms--tom-jones-bigotti---ferro-skmei-naviforce/butikdetay/566292;200;363
https://www.trendyol.com/w-lab-kozmetik/butikdetay/512707;200;259
https://www.trendyol.com/aksesuarda-500-flas-urun/butikdetay/568388;200;249
https://www.trendyol.com/calisma-alanlarinizin-vazgecilmezleri/butikdetay/567605;200;270
https://www.trendyol.com/chiccy---kadin-tekstil/butikdetay/462292;200;390
https://www.trendyol.com/ltb/butikdetay/559068;200;344
https://www.trendyol.com/kopek-mamalari/butikdetay/559963;200;414
https://www.trendyol.com/saglik-urunlerinde-buyuk-firsat/butikdetay/568293;200;369
https://www.trendyol.com/designer-sikligi/butikdetay/446091;200;336
https://www.trendyol.com/guess/butikdetay/553010;200;285
https://www.trendyol.com/happy-center-da-buyuk-firsat/butikdetay/565439;200;399
https://www.trendyol.com/avon/butikdetay/566860;200;220
https://www.trendyol.com/bahce-ve-balkonlariniza-bahar-geldi/butikdetay/563402;200;196
https://www.trendyol.com/oleg-cassini---ozel-koleksiyon/butikdetay/558443;200;551
https://www.trendyol.com/kulaklik--hoparlor-firsatlari/butikdetay/555738;200;252
https://www.trendyol.com/la-roche-posay--vichy--cerave/butikdetay/567830;200;263
https://www.trendyol.com/ozkan-ic-giyim/butikdetay/316861;200;417
https://www.trendyol.com/ayyildiz---ic-giyim--pijama/butikdetay/379205;200;191
https://www.trendyol.com/selin-beauty/butikdetay/520193;200;227
https://www.trendyol.com/bahar-firsatlari---sepette-35-indirim/butikdetay/567933;200;709
https://www.trendyol.com/cinsel-urunlerde-bayram-firsati/butikdetay/568266;200;446
https://www.trendyol.com/medikal-ihtiyaclarinizda-firsat/butikdetay/568315;200;419
https://www.trendyol.com/y-london---kadin-tekstil/butikdetay/566082;200;501
https://www.trendyol.com/muge-plus---smartbags20/butikdetay/563707;200;405
https://www.trendyol.com/evcil-dostlarimizin-temel-ihtiyaclari/butikdetay/567662;200;821
https://www.trendyol.com/takida-kacirilmayacak-firsatlar/butikdetay/568246;200;421
https://www.trendyol.com/guess-buyuk-indirim/butikdetay/568063;200;229
https://www.trendyol.com/outdoor---tekstil-ve-ayakkabi/butikdetay/470895;200;591
https://www.trendyol.com/shule-bags---canta-firsati/butikdetay/548705;200;215
https://www.trendyol.com/ecrou---yoyoso---kadin-tekstil/butikdetay/541535;200;1537
https://www.trendyol.com/network---kadin--erkek-tekstil/butikdetay/567403;200;233
https://www.trendyol.com/sevim--gizzey---pijama--ic-giyim---sepette-30-indirim/butikdetay/567893;200;233
https://www.trendyol.com/sagaza/butikdetay/544051;200;426
https://www.trendyol.com/helly-hansen/butikdetay/559151;200;288
https://www.trendyol.com/new-essentials/butikdetay/562085;200;268
https://www.trendyol.com/agda-ve-tuy-dokucu-kremlerde-firsat/butikdetay/567995;200;280
https://www.trendyol.com/lyn-mama---hamile-giyim/butikdetay/553774;200;236
https://www.trendyol.com/mavi/butikdetay/568186;200;484
https://www.trendyol.com/occasion---lacoste--nautica--gant--converse/butikdetay/547281;200;382
https://www.trendyol.com/casio--seiko--momentus--quantum--lacoste--slazenger--lee-cooper--swatch/butikdetay/566285;200;527
https://www.trendyol.com/bross/butikdetay/449050;200;710
https://www.trendyol.com/dericompany/butikdetay/409300;200;505
https://www.trendyol.com/sr?mid=107113;200;219
https://www.trendyol.com/petshop-urunlerinde-kacirilmayacak-firsatlar/butikdetay/567785;200;805
https://www.trendyol.com/gap---kadin--erkek--cocuk-tekstil/butikdetay/567258;200;411
https://www.trendyol.com/raisavanessa-for-trendyol/butikdetay/561858;200;212
https://www.trendyol.com/baqmaq---yeni-sezon/butikdetay/549026;200;292
https://www.trendyol.com/fit--form/butikdetay/563847;200;257
https://www.trendyol.com/deery---yeni-sezon/butikdetay/545293;200;304
https://www.trendyol.com/kadin-giyimde-sokak-modasi---kadin-tekstil---sepette-20-indirim/butikdetay/567161;200;543
https://www.trendyol.com/dev-markalarda-firsatlar---sepette-surpriz-indirimler/butikdetay/567939;200;439
https://www.trendyol.com/tripy---yeni-sezon/butikdetay/533085;200;294
https://www.trendyol.com/flormar/butikdetay/567854;200;344
https://www.trendyol.com/breeze-cocuk--bebek-giyim/butikdetay/564075;200;781
https://www.trendyol.com/marjin-aksesuar/butikdetay/548266;200;612
https://www.trendyol.com/veet-ile-kuafor-kalitesinde-puruzsuzluk/butikdetay/567613;200;413
https://www.trendyol.com/gusto---kadin-tekstil/butikdetay/563397;200;405
https://www.trendyol.com/ziya---yeni-sezon/butikdetay/565480;200;1332
https://www.trendyol.com/aksesuarin-en-iyileri/butikdetay/567917;200;413
https://www.trendyol.com/ceyiz-listesi-yatak-odasi-mobilyalari/butikdetay/567617;200;409
https://www.trendyol.com/ucla---kadin--erkek-tekstil/butikdetay/554564;200;198
https://www.trendyol.com/ruum-store-by-dogtas/butikdetay/554462;200;936
https://www.trendyol.com/bagmori---canta-koleksiyonu/butikdetay/306945;200;243
https://www.trendyol.com/nautica---kadin--erkek--cocuk-koleksiyonu/butikdetay/561806;200;1290
https://www.trendyol.com/kirtasiyeofis---4-al-3-ode/butikdetay/567445;200;337
https://www.trendyol.com/gant---kadin--erkek-koleksiyonu/butikdetay/561805;200;2005
https://www.trendyol.com/bahce-mobilyasinin-vazgecilmezleri/butikdetay/568291;200;233
https://www.trendyol.com/bebek-mamalarinda-mayis-firsati/butikdetay/567659;200;234
https://www.trendyol.com/bilge-karga/butikdetay/568389;200;217
https://www.trendyol.com/baharat-urunlerinde-firsat/butikdetay/566859;200;357
https://www.trendyol.com/ogx--le-petit-marseillais--listerine-neutrogena/butikdetay/568205;200;492
https://www.trendyol.com/divarese---sepet-firsati/butikdetay/566431;200;253
https://www.trendyol.com/the-ordinary/butikdetay/555969;200;257
https://www.trendyol.com/desa---total-urunler/butikdetay/566986;200;563
https://www.trendyol.com/mobilyada-kacirilmaz-firsatlar/butikdetay/567938;200;259
https://www.trendyol.com/bigjoy-sports-ve-zero-shot-kacmaz-bayram-firsati/butikdetay/568144;200;470
https://www.trendyol.com/brandy-s/butikdetay/567200;200;546
https://www.trendyol.com/elbisede-bayram-firsatlari---sepette-20-indirim/butikdetay/567160;200;211
https://www.trendyol.com/daniel-klein/butikdetay/567439;200;309
https://www.trendyol.com/baharat-dukkani/butikdetay/567674;200;417
https://www.trendyol.com/nautica---canta-koleksiyonu/butikdetay/566013;200;500
https://www.trendyol.com/salincak-ve-hamaklarda-40-a-varan-indirim/butikdetay/563405;200;221
https://www.trendyol.com/fineapple/butikdetay/566527;200;292
https://www.trendyol.com/balkon-ve-teras-mobilyalarinda-firsat/butikdetay/568130;200;205
https://www.trendyol.com/pg-kisisel-bakim-firsatlari/butikdetay/568296;200;526
https://www.trendyol.com/aksesuarda-dev-indirim/butikdetay/568330;200;236
https://www.trendyol.com/tv--goruntu--ses-sistemleri-aksesuarlari/butikdetay/555735;200;246
https://www.trendyol.com/ferraro/butikdetay/550886;200;526
https://www.trendyol.com/pg-markalariyla-bayram-temizligi/butikdetay/567719;200;412
https://www.trendyol.com/camper---kadin--erkek--cocuk-koleksiyonu/butikdetay/555768;200;307
https://www.trendyol.com/gold-time--ricardo--spectrum--spectrum-baits--choppers--polo-rucci/butikdetay/566293;200;247
https://www.trendyol.com/rivus---yeni-sezon/butikdetay/419449;200;292
https://www.trendyol.com/markastok---outlet/butikdetay/550467;200;479
https://www.trendyol.com/brandroom/butikdetay/529789;200;297
https://www.trendyol.com/motosiklet-giyim-ve-aksesuar-urunlerinde-bahar-firsati/butikdetay/567244;200;832
https://www.trendyol.com/rwb---erkek-tekstil-sezon/butikdetay/559485;200;259
https://www.trendyol.com/butigo/butikdetay/567777;200;262
https://www.trendyol.com/bulldozer---ayakkabi-koleksiyonu/butikdetay/560930;200;501
https://www.trendyol.com/beymen-club/butikdetay/568064;200;604
https://www.trendyol.com/under-armour---yeni-sezon/butikdetay/560849;200;417
https://www.trendyol.com/yesil-kundura/butikdetay/562284;200;413
https://www.trendyol.com/rovigo---ayakkabi-koleksiyonu/butikdetay/564109;200;2445
https://www.trendyol.com/chuba---erkek--kadin-tekstil/butikdetay/559483;200;403
https://www.trendyol.com/evcil-dostlarimizin-aksesuarlari/butikdetay/567663;200;309
https://www.trendyol.com/nur-karaata/butikdetay/436751;200;1459
https://www.trendyol.com/buyuk-beden-stilleri-by-sans---kadin-tekstil/butikdetay/568403;200;182
https://www.trendyol.com/gozlukte-dev-indirim-15/butikdetay/566937;200;1016
https://www.trendyol.com/muge-plus---us--polo-20/butikdetay/563710;200;310
https://www.trendyol.com/ayakkabi-modasi/butikdetay/549376;200;293
https://www.trendyol.com/pattaya---kadin-tekstil---kis-sezonu/butikdetay/560292;200;313
https://www.trendyol.com/dagi---ev-giyim--plaj-giyim/butikdetay/566540;200;242
https://www.trendyol.com/saat--gozlukte-mayis-indirimi/butikdetay/566967;200;305
https://www.trendyol.com/muge-plus---pierre-cardin/butikdetay/563711;200;241
https://www.trendyol.com/levi-s/butikdetay/560003;200;527
https://www.trendyol.com/lacoste---ilkbahar--yaz-koleksiyonu/butikdetay/547266;200;306
https://www.trendyol.com/tefal---wmf-sepette-20/butikdetay/567577;200;255
https://www.trendyol.com/spor-giyimin-en-iyileri/butikdetay/567667;200;191
https://www.trendyol.com/arifoglu/butikdetay/568274;200;235
https://www.trendyol.com/kirtasiyeofis----sayilarla-boyama-setleri/butikdetay/567586;200;766
https://www.trendyol.com/sleepy-extra/butikdetay/559526;200;833
https://www.trendyol.com/happy-center-kacirilmayacak-firsatlar/butikdetay/566878;200;407
https://www.trendyol.com/so-chic/butikdetay/566729;200;706
https://www.trendyol.com/sepette-iyilik/butikdetay/555857;200;269
https://www.trendyol.com/nocturne---yeni-sezon/butikdetay/550857;200;261
https://www.trendyol.com/veet-men/butikdetay/567615;200;593
https://www.trendyol.com/henkel-bayram-temizligi-firsatlari/butikdetay/566323;200;620
https://www.trendyol.com/frnch/butikdetay/548289;200;619
https://www.trendyol.com/modalucci/butikdetay/567499;200;406
https://www.trendyol.com/banana-republic---kadin--erkek-tekstil/butikdetay/548358;200;610
https://www.trendyol.com/affair-by-atasun-gunes-gozlugu-koleksiyonu/butikdetay/560606;200;237
https://www.trendyol.com/saat--gozlukte-flas-500/butikdetay/568260;200;246
https://www.trendyol.com/gozlugunu-sec/butikdetay/565702;200;294
https://www.trendyol.com/house-bags---canta-surprizi/butikdetay/557623;200;318
https://www.trendyol.com/schwarzkopf-kisisel-bakim-firsatlari/butikdetay/568159;200;960
https://www.trendyol.com/isvea---banyolarinizi-yenileyin/butikdetay/568087;200;2588
https://www.trendyol.com/up-watch-saat-koleksiyonu/butikdetay/560035;200;339
https://www.trendyol.com/sofia-baldi---indirim/butikdetay/507592;200;364
https://www.trendyol.com/qq--ferrucci---saat-koleksiyonu/butikdetay/567705;200;274
https://www.trendyol.com/chicco---cocuk-tekstil-koleksiyonu/butikdetay/567048;200;238
https://www.trendyol.com/anais--margaux/butikdetay/371894;200;207
https://www.trendyol.com/salomon/butikdetay/565935;200;382
https://www.trendyol.com/tonny-black-saat-koleksiyonu/butikdetay/567449;200;302
https://www.trendyol.com/sr?wg=1&wc=56,101475,69,73,101484,119&bu=66,46,43;200;357
https://www.trendyol.com/tommy-life---erkek--kadin--cocuk-tekstil-sepette-30/butikdetay/567151;200;362
https://www.trendyol.com/adore-mobilya/butikdetay/553934;200;297
https://www.trendyol.com/evidea/butikdetay/560917;200;308
https://www.trendyol.com/sr?prm=1135273&mid=131015;200;212
https://www.trendyol.com/deri-sikligi/butikdetay/305727;200;379
https://www.trendyol.com/carrera--christian-dior--fendi--tommy-hilfiger-gunes-gozlugu-koleksiyonu/butikdetay/567260;200;1325
https://www.trendyol.com/hediye-setleri/butikdetay/568237;200;728
https://www.trendyol.com/jumbo-sepet-indirimi/butikdetay/566298;200;480
https://www.trendyol.com/marka-park/butikdetay/556203;200;410
https://www.trendyol.com/dcey-x-trendyol/butikdetay/567655;200;218
https://www.trendyol.com/sr?id=2344344,93710493,93701900,56937931,31123382,95508638,32937827,3260952,85849133,87301855,4405438,693163,42806271,101015143,33055938,49286042,2266285,32400212,6886347,62322611,34985738,36897618,74635417;200;272
https://www.trendyol.com/sr?wb=104710&mid=119794;200;219
https://www.trendyol.com/sapin---yeni-sezon/butikdetay/559653;200;553
https://www.trendyol.com/sr?cid=562174,559019,559017,562203,566369;200;125
https://www.trendyol.com/gida-ve-icecek-kacirilmayacak-firsatlar/butikdetay/568323;200;282
https://www.trendyol.com/fashionmix--kokosh---kadin-tekstil/butikdetay/548693;200;210
https://www.trendyol.com/colin-s/butikdetay/568050;200;300
https://www.trendyol.com/halsa/butikdetay/567620;200;271
https://www.trendyol.com/siren-ertan/butikdetay/322846;200;290
https://www.trendyol.com/gurgencler-apr-firsatlari/butikdetay/567360;200;388
https://www.trendyol.com/chekich---yeni-sezon/butikdetay/559347;200;565
https://www.trendyol.com/flash-500-urun--saatgunes-gozlugu/butikdetay/568228;200;299
https://www.trendyol.com/johnson-s-baby-firsatlari/butikdetay/567798;200;259
https://www.trendyol.com/oyuncak-cok-satanlar/butikdetay/550297;200;297
https://www.trendyol.com/seiko---saat-koleksiyonu/butikdetay/566286;200;236
https://www.trendyol.com/igs---erkek-tekstil/butikdetay/562595;200;582
https://www.trendyol.com/enza-home/butikdetay/553330;200;231
https://www.trendyol.com/sokakta-eglence-zamani/butikdetay/482591;200;312
https://www.trendyol.com/calvin-klein/butikdetay/533286;200;245
https://www.trendyol.com/tum--urunler?butik=567340,567862;200;361
https://www.trendyol.com/tiyatronet/butikdetay/555449;200;415
https://www.trendyol.com/rosefield--seiko--nine-west--lacoste/butikdetay/567010;200;397
https://www.trendyol.com/michael-kors--versace-jeans-couture--love-moschino/butikdetay/566482;200;440
https://www.trendyol.com/crocs---yeni-sezon/butikdetay/567699;200;336
https://www.trendyol.com/lacoste---kadin--erkek-tekstil/butikdetay/550136;200;279
https://www.trendyol.com/sinoz/butikdetay/566943;200;266
https://www.trendyol.com/sateen-men---net-fiyat/butikdetay/568204;200;375
https://www.trendyol.com/moon---canta-koleksiyonu/butikdetay/510392;200;228
https://www.trendyol.com/sr?cid=566469,566470,566471,566472,566474,566647,566620,566621,566622,567146,567137,567139;200;309
https://www.trendyol.com/sr?cid=564210,564208,567827;200;253
https://www.trendyol.com/marie-claire---canta-firsati/butikdetay/550832;200;256
https://www.trendyol.com/ugg---yeni-koleksiyon/butikdetay/331407;200;293
https://www.trendyol.com/pierre-cardin---sandelet--terlik-koleksiyonu/butikdetay/558593;200;241
https://www.trendyol.com/oyuncak-senligi/butikdetay/566746;200;365
https://www.trendyol.com/yasemin-karagulle/butikdetay/304102;200;293
https://www.trendyol.com/smarter-urunlerinde-bayram-firsati/butikdetay/568222;200;294
https://www.trendyol.com/dunlop---ayakkabi-koleksiyonu/butikdetay/563544;200;541
https://www.trendyol.com/sr?cid=555255,567518,567520,567521,567522,567524,567525,567527,567529,567530,567531,567532,567533;200;359
https://www.trendyol.com/fume-london--guess--tory-burch/butikdetay/411297;200;321
https://www.trendyol.com/limoya---yeni-sezon/butikdetay/554848;200;388
https://www.trendyol.com/u-green-clean-kacirilmaz-firsat/butikdetay/568320;200;329
https://www.trendyol.com/sr?q=cep%20telefonu&qt=cep%20telefonu&st=cep&os=1;200;387
https://www.trendyol.com/new-well/butikdetay/567856;200;177
https://www.trendyol.com/under-armour---yeni-project-rock-koleksiyonu/butikdetay/568004;200;575
https://www.trendyol.com/sr?q=hindistan+cevizi&qt=hindistan+cevizi&st=hindistan+cevizi&sst=BEST_SELLER&bu=100141;200;281
https://www.trendyol.com/bade-natural/butikdetay/566256;200;236
https://www.trendyol.com/the-ordinary/butikdetay/567931;200;386
https://www.trendyol.com/ev-tekstilinde-aradiginiz-her-sey/butikdetay/559975;200;486
https://www.trendyol.com/minikler-icin-surpriz-indirimler/butikdetay/568221;200;508
https://www.trendyol.com/instax/butikdetay/555829;200;238
https://www.trendyol.com/durex-firsati/butikdetay/567446;200;238
https://www.trendyol.com/rue----kadin-tekstil/butikdetay/565479;200;256
https://www.trendyol.com/lysol---dezenfektan-sprey/butikdetay/536810;200;217
https://www.trendyol.com/tergan---ayakkabi-koleksiyonu/butikdetay/498693;200;381
https://www.trendyol.com/sr?cid=566243,566246,566244,567043,567236,567237,567759,567760,568084;200;236
https://www.trendyol.com/slipstop---cocuk-koleksiyonu---yeni-sezon/butikdetay/557722;200;224
https://www.trendyol.com/sr?mid=104907;200;237
https://www.trendyol.com/sr?wb=735,101765&mid=4415;200;228
https://www.trendyol.com/dericlub/butikdetay/443441;200;283
https://www.trendyol.com/grundig-bluetooth-hoparlor-firsatlari/butikdetay/567492;200;209
https://www.trendyol.com/nebahat-cehre-by-rufat-ismayil/butikdetay/531704;200;283
https://www.trendyol.com/gulsha/butikdetay/523454;200;223
https://www.trendyol.com/bebeginiz-ile-guvenli-seyahat/butikdetay/380300;200;320
https://www.trendyol.com/sand--blue/butikdetay/372348;200;261
https://www.trendyol.com/dufy---erkek-tekstil/butikdetay/557668;200;258
https://www.trendyol.com/brooks-brothers/butikdetay/353297;200;389
https://www.trendyol.com/pabucchi---yepar-shoes/butikdetay/387797;200;310
https://www.trendyol.com/sr?mid=205639;200;187
https://www.trendyol.com/camper---bayram-firsatlari/butikdetay/568002;200;338
https://www.trendyol.com/seyahat-ve-eglence/butikdetay/380147;200;314
https://www.trendyol.com/prima-mayis-firsati/butikdetay/568025;200;264
https://www.trendyol.com/sr?mid=4662;200;320
https://www.trendyol.com/ndesign/butikdetay/566803;200;408
https://www.trendyol.com/oyuncak-sokagi/butikdetay/527753;200;369
https://www.trendyol.com/marka-park---canta-firsati/butikdetay/519107;200;594
https://www.trendyol.com/oyuncak-festivali/butikdetay/527105;200;245
https://www.trendyol.com/muge-plus---sergio20/butikdetay/563708;200;746
https://www.trendyol.com/bebek-arac-gerecleri/butikdetay/380246;200;398
https://www.trendyol.com/burotime/butikdetay/567622;200;182
https://www.trendyol.com/kigili-home---ev-tekstil/butikdetay/560096;200;303
https://www.trendyol.com/kigili---erkek-tekstil/butikdetay/562087;200;274
https://www.trendyol.com/black--grace---kadin-tekstil/butikdetay/567339;200;237
https://www.trendyol.com/bebegim-icin-her-sey/butikdetay/380198;200;490
https://www.trendyol.com/sr?q=g%C3%BCm%C3%BC%C5%9F+set+ve+tak%C4%B1m&qt=g%C3%BCm%C3%BC%C5%9F+set+ve+tak%C4%B1m&st=g%25C3%25BCm%25C3%25BC%25C5%259F%2520set&os=1;200;2047
https://www.trendyol.com/miele-den-ozel-firsatlar/butikdetay/568373;200;256
https://www.trendyol.com/bee-happy-by-bee-goddess/butikdetay/537433;200;272
https://www.trendyol.com/tudors---erkek-tekstil/butikdetay/560330;200;311
https://www.trendyol.com/oyuncak-dunyasi/butikdetay/527262;200;308
https://www.trendyol.com/sr?q=probiyotik&mid=116028;200;240
https://www.trendyol.com/chakra/butikdetay/559278;200;255
https://www.trendyol.com/mavi-isik-filtreli-gozlukler/butikdetay/567257;200;340
https://www.trendyol.com/by-harmony/butikdetay/567945;200;145
https://www.trendyol.com/sr?mid=106771;200;418
https://www.trendyol.com/vizon-ayakkabi---yeni-sezon/butikdetay/537359;200;565
https://www.trendyol.com/botticelli---gunes-gozlugu-koleksiyonu/butikdetay/567453;200;279
https://www.trendyol.com/sr?fl=aksesuarin_yildizlari;200;185
https://www.trendyol.com/cengiz-pakel---canta--cuzdan--kemer/butikdetay/301067;200;252
https://www.trendyol.com/cacharel---saat-koleksiyonu/butikdetay/567703;200;243
https://www.trendyol.com/dzynzone-by-koleksiyon/butikdetay/557799;200;296
https://www.trendyol.com/anne-bebek-bakim--arac-gerec-karnavali/butikdetay/566751;200;396
https://www.trendyol.com/bitkisel-urunler-ve-sporcu-besinleri----yaz-a-sporla-hazirlik/butikdetay/568361;200;300
https://www.trendyol.com/ecco---comfort-ayakkabi-koleksiyonu/butikdetay/532053;200;609
https://www.trendyol.com/misirli---kadin-tekstil/butikdetay/560858;200;236
https://www.trendyol.com/sr?cid=568119,568112,568102,567577;200;290
https://www.trendyol.com/magaza/smashbox-m-107863?sst=0;200;229
https://www.trendyol.com/divarese-outlet/butikdetay/568001;200;365
https://www.trendyol.com/arzu-sabanci-activewear/butikdetay/566213;200;246
https://www.trendyol.com/miniklere-kitaplar/butikdetay/315331;200;297
https://www.trendyol.com/polo-u-k/butikdetay/567702;200;256
https://www.trendyol.com/sr?cid=567911,567912,567914,567915;200;295
https://www.trendyol.com/vieno-home-garden/butikdetay/568243;200;282
https://www.trendyol.com/yui-firsatlari/butikdetay/568220;200;254
https://www.trendyol.com/bils---erkek-tekstil/butikdetay/560581;200;233
https://www.trendyol.com/lily--rose-x-trendyol/butikdetay/567639;200;236
https://www.trendyol.com/dev-sezon-indirimi---sepette-35-indirim/butikdetay/566982;200;349
https://www.trendyol.com/yatas-bedding/butikdetay/567616;200;314
https://www.trendyol.com/gokhan-talay--yeni-sezon/butikdetay/566929;200;248
https://www.trendyol.com/davet-cok-elbisem-yok---casual/butikdetay/507743;200;204
https://www.trendyol.com/dogus-perakende---in4out-designer/butikdetay/464545;200;368
https://www.trendyol.com/luzdemia/butikdetay/555936;200;1379
https://www.trendyol.com/grundig-elektrikli-ev-aletlerinde-cok-ozel-firsatlar/butikdetay/568133;200;286
https://www.trendyol.com/bir-valiz-dolusu-indirim/butikdetay/398695;200;791
https://www.trendyol.com/trendyolmilla--trendyol-man---perfume-collection/butikdetay/559629;200;217
https://www.trendyol.com/lela---sepette-20-indirim/butikdetay/559606;200;728
https://www.trendyol.com/mer-s---taki/butikdetay/478893;200;250
https://www.trendyol.com/sr?rb=1007062,470,991642,1102924,160,267,18,2216,995762,381&cid=568174,567904;200;235
https://www.trendyol.com/hakke---kadin-tekstil/butikdetay/567812;200;256
https://www.trendyol.com/remove/butikdetay/568351;200;253
https://www.trendyol.com/ceyiz-listesi-salon-mobilyalari/butikdetay/567979;200;207
https://www.trendyol.com/cif-urunlerinde-buyuk-firsat/butikdetay/567300;200;241
https://www.trendyol.com/g-shock--baby-g-saat-koleksiyonu/butikdetay/567701;200;297
https://www.trendyol.com/sanat-tek-tikla-yaninda/butikdetay/556821;200;642
https://www.trendyol.com/tum--urunler?butik=568069,560804;200;207
https://www.trendyol.com/ves-deri/butikdetay/315660;200;1112
https://www.trendyol.com/fast-step---yeni-urunlerle/butikdetay/549019;200;256
https://www.trendyol.com/finish-ve-ev-bakim-markalarinda-bayram-temizligi/butikdetay/567713;200;390
https://www.trendyol.com/evidea/butikdetay/566201;200;277
https://www.trendyol.com/sr?cid=568332,568333,568334;200;184
https://www.trendyol.com/sr?wc=103677,108890,104211,101466,101509,103679,143251,109019,1055,1121,101510,101508,1197,109053;200;309
https://www.trendyol.com/buratti---erkek-tekstil---sepette-20-indirim/butikdetay/559605;200;264
https://www.trendyol.com/diva-optik/butikdetay/568068;200;295
https://www.trendyol.com/christian-dior--burberry--versace--prada--tom-ford--gucci/butikdetay/566295;200;482
https://www.trendyol.com/sr?cid=567197,567198,567199;200;207
https://www.trendyol.com/magaza/monster-notebook-m-105286?isLegalRequirementConfirmed=true&sst=0;200;171
https://www.trendyol.com/armagan-oyuncak/butikdetay/408795;200;475
https://www.trendyol.com/marks--spencer---bayram-firsatlari/butikdetay/567882;200;270
https://www.trendyol.com/derimarket--pegia--cool-moon---yeni-sezon/butikdetay/523907;200;323
https://www.trendyol.com/mocassini---dunya-markalari/butikdetay/454991;200;263
https://www.trendyol.com/en-favori-bulasik-yikama-urunleri/butikdetay/553602;200;363
https://www.trendyol.com/unilever-de-bayram-temizligi/butikdetay/568449;200;426
https://www.trendyol.com/can-optik/butikdetay/568065;200;381
https://www.trendyol.com/machka--kadin-tekstil/butikdetay/510952;200;407
https://www.trendyol.com/anne--bebek-bakim/butikdetay/561348;200;239
https://www.trendyol.com/muge-plus---canta--cuzdan/butikdetay/563714;200;365
https://www.trendyol.com/limon-company--mammaramma---kadin--erkek--cocuk-tekstil---kadin--cocuk-tekstil/butikdetay/544578;200;206
https://www.trendyol.com/silk-and-cashmere---kadin--erkek-tekstil/butikdetay/559018;200;242
https://www.trendyol.com/sr?cid=567918,567921,567920,567924;200;206
https://www.trendyol.com/designers-store---beachwear/butikdetay/508547;200;279
https://www.trendyol.com/tergan---2--urune-50-indirim/butikdetay/564598;200;303
https://www.trendyol.com/gurur-tekstil/butikdetay/482091;200;417
https://www.trendyol.com/pastel/butikdetay/544359;200;301
https://www.trendyol.com/sahinler---pijama--ic-giyim/butikdetay/305060;200;237
https://www.trendyol.com/sr/erkek-x-g2?cid=566953,566949,566948,566952,566950,566947,566946,566944;200;261
https://www.trendyol.com/bella-maison---bayram-firsatlari/butikdetay/568160;200;260
https://www.trendyol.com/sr?rb=58,502&cid=568174,567904;200;450
https://www.trendyol.com/sr?cid=567884,567883,566378,566377,566379,567881,566381,566380;200;291
https://www.trendyol.com/bg-store---cocuk-koleksiyonu/butikdetay/568020;200;958
https://www.trendyol.com/valiz-sc-15/butikdetay/567870;200;231
https://www.trendyol.com/weltew/butikdetay/562694;200;376
https://www.trendyol.com/abc-bayram-temizligi/butikdetay/565910;200;257
https://www.trendyol.com/pawmas-mama-ve-kumlarda-150-tl-ye-20-tl-indirim/butikdetay/568209;200;451
https://www.trendyol.com/mom-s-green--baby-s-green-kacirilmayacak-firsatlar/butikdetay/554808;200;239
https://www.trendyol.com/favori-oyuncaklar-mattel-urunleri/butikdetay/567255;200;362
https://www.trendyol.com/ipek-kiramer/butikdetay/529990;200;225
https://www.trendyol.com/hatemoglu---sepette-20/butikdetay/568175;200;238
https://www.trendyol.com/flower--ayakkabi-firsatlari/butikdetay/556238;200;403
https://www.trendyol.com/anne-bebek-ve-oyuncak-urunlerinde-firsatlar/butikdetay/568140;200;450
https://www.trendyol.com/louis-erard-saat-kolekisyonu/butikdetay/567014;200;244
https://www.trendyol.com/eglence-urunleride-bayram-firsati/butikdetay/568163;200;230
https://www.trendyol.com/anne--bebek-bakim---cok-satanlar/butikdetay/527254;200;352
https://www.trendyol.com/cocuk-kirtasiye/butikdetay/315336;200;806
https://www.trendyol.com/ankastre-firsatlari/butikdetay/562332;200;223
https://www.trendyol.com/armani-exchange/butikdetay/555460;200;229
https://www.trendyol.com/joker---cocuk--bebek-koleksiyonu/butikdetay/533151;200;390
https://www.trendyol.com/brandy-s/butikdetay/322975;200;401
https://www.trendyol.com/igor--superfit-kids/butikdetay/559553;200;811
https://www.trendyol.com/hayat-kimya-urunlerinde-bayram-firsati/butikdetay/568208;200;258
https://www.trendyol.com/sr?cid=;200;606
https://www.trendyol.com/muge-plus---valiz-20/butikdetay/563712;200;382
https://www.trendyol.com/daniel-klein---homies---ferrucci-saat-koleksiyonu/butikdetay/567440;200;275
https://www.trendyol.com/arac-gerec-cok-satanlar/butikdetay/543109;200;241
https://www.trendyol.com/nano-maske?q=maske&siralama=4&qt=maske&st=maske;200;381
https://www.trendyol.com/flo--salvano---100tl-alti-fiyatlar/butikdetay/568052;200;232
https://www.trendyol.com/birkenstock---outlet/butikdetay/565714;200;404
https://www.trendyol.com/gamer-urunlerinde-bayram-firsati/butikdetay/568162;200;714
