https://cdn.dsmcdn.com/ty112/pimWidgetApi/webBig_20210511064624_1464637ElektronikWeb202105101220.jpg;200;84
https://cdn.dsmcdn.com/ty111/campaign/banners/original/568034/f37f3d6ed6_1_new.jpg;200;95
https://cdn.dsmcdn.com/marketing/datascience/automation/2021/5/11/Trendyolmillatrendyolmantrendyolmodest_Kadin_Webbig_202105111801.jpg;200;74
https://cdn.dsmcdn.com/ty112/campaign/banners/original/568142/9c7b4bd75d_1_new.jpg;200;47
https://cdn.dsmcdn.com/marketing/datascience/automation/2021/5/11/Olalook_Kadin_Webbig_202105111801.jpg;200;100
https://cdn.dsmcdn.com/ty112/campaign/banners/original/567311/fe769abed3_1_new.jpg;200;29
https://cdn.dsmcdn.com/ty112/campaign/banners/original/566798/94a55ff2df_1_new.jpg;200;88
https://cdn.dsmcdn.com/marketing/datascience/automation/2021/5/11/Karacakaracahomeemsanjumbo_Kadin_Webbig_202105111807.jpg;200;87
https://cdn.dsmcdn.com/ty113/campaign/banners/original/568348/fd0c530730_1_new.jpg;200;58
https://cdn.dsmcdn.com/ty109/pimWidgetApi/webBig_20210429105236_111111KadinWeb202104281552.jpg;200;44
https://cdn.dsmcdn.com/ty112/campaign/banners/original/544139/312417bb3b_1_new.jpg;200;56
https://cdn.dsmcdn.com/ty112/pimWidgetApi/webBig_20210507105637_limon070521web.jpg;200;60
https://cdn.dsmcdn.com/ty111/campaign/banners/original/568350/b0c8e193dd_1_new.jpg;200;64
https://cdn.dsmcdn.com/marketing/datascience/automation/2021/5/11/Trendalacatistili_Kadin_Webbig_202105111804.jpg;200;74
https://cdn.dsmcdn.com/ty113/campaign/banners/original/567604/2ff38fd6ee_1_new.jpg;200;86
https://cdn.dsmcdn.com/ty104/pimWidgetApi/webBig_20210415183708_zamansizurunler160421web.jpg;200;84
https://cdn.dsmcdn.com/ty112/campaign/banners/original/568289/479cc47ed9_1_new.jpg;200;69
https://cdn.dsmcdn.com/ty32/campaign/banners/original/498246/85fcac18f0_1_new.jpg;200;59
https://cdn.dsmcdn.com/marketing/datascience/automation/2021/5/11/Defactokadinerkekcocuktekstil_Kadin_Webbig_202105111801.jpg;200;64
https://cdn.dsmcdn.com/ty111/campaign/banners/original/568471/b34a6e91bf_0_new.jpg;200;50
https://cdn.dsmcdn.com/marketing/datascience/automation/2021/5/11/Kotonkadinerkekcocuktekstil_Kadin_Mobile_202105111801.jpg;200;43
https://cdn.dsmcdn.com/ty112/campaign/banners/original/568185/5d3b549fc5_1_detay.jpg;200;27
https://cdn.dsmcdn.com/marketing/datascience/automation/2021/5/11/Coolsexykadintekstil_Kadin_Mobile_202105111804.jpg;200;94
https://cdn.dsmcdn.com/ty113/campaign/banners/original/567241/01da1766e9_1_detay.jpg;200;1306
https://cdn.dsmcdn.com/ty111/campaign/banners/original/567491/39f288c001_1_detay.jpg;200;101
https://cdn.dsmcdn.com/ty110/pimWidgetApi/mobile_20210501211927_ellemobil.jpg;200;339
https://cdn.dsmcdn.com/ty112/campaign/banners/original/568354/3ad204fb8a_0_detay.jpg;200;345
https://cdn.dsmcdn.com/marketing/datascience/automation/2021/5/11/Uspoloassnkadinerkekcocukkoleksiyonu_Kadin_Mobile_202105111805.jpg;200;376
https://cdn.dsmcdn.com/ty111/pimWidgetApi/mobile_20210508163307_loft070521mobilee.jpg;200;475
https://cdn.dsmcdn.com/ty65/campaign/banners/original/536797/d4d428dd56_0_detay.jpg;200;174
https://cdn.dsmcdn.com/ty110/pimWidgetApi/mobile_20210428110423_pasteltonlar150421mobile.jpg;200;177
https://cdn.dsmcdn.com/ty107/campaign/banners/original/566006/7d5e90173d_0_detay.jpg;200;176
https://cdn.dsmcdn.com/ty112/pimWidgetApi/mobile_20210510053113_mobile20210430092206modest020421mobilex.jpg;200;357
https://cdn.dsmcdn.com/ty112/campaign/banners/original/567096/90d72d9c59_0_detay.jpg;200;73
https://cdn.dsmcdn.com/ty112/campaign/banners/original/568093/7756b2fe8d_1_detay.jpg;200;62
https://cdn.dsmcdn.com/ty106/pimWidgetApi/mobile_20210422172507_uspolo120121mobil2.jpg;200;67
https://cdn.dsmcdn.com/ty112/campaign/banners/original/548505/e1fb44f087_1_detay.jpg;200;60
https://cdn.dsmcdn.com/marketing/datascience/automation/2021/5/11/Teknolojikurunlertrendyolstoklarinda_Kadin_Mobile_202105111807.jpg;200;85
https://cdn.dsmcdn.com/ty111/campaign/banners/original/568021/31e9e5fdb8_0_detay.jpg;200;130
https://cdn.dsmcdn.com/marketing/datascience/automation/2021/5/11/Adlsepette30Avaranindirim_Kadin_Mobile_202105111801.jpg;200;74
https://cdn.dsmcdn.com/ty111/campaign/banners/original/567568/98c808119b_1_detay.jpg;200;58
https://cdn.dsmcdn.com/ty108/pimWidgetApi/mobile_20210430135213_Kupelermobil.jpg;200;65
https://cdn.dsmcdn.com/ty111/campaign/banners/original/567955/4e03e72c8a_1_detay.jpg;200;57
https://cdn.dsmcdn.com/ty111/pimWidgetApi/mobile_20210510135427_e2f9a2beea0.jpg;200;56
https://cdn.dsmcdn.com/ty113/pimWidgetApi/mobile_20210511142523_000070KadinMobile202105111655.jpg;200;1057
https://cdn.dsmcdn.com/ty113/campaign/banners/original/566842/9bb59d8599_1_detay.jpg;200;30
https://cdn.dsmcdn.com/ty113/campaign/banners/original/568311/9c1b17bbb5_1_detay.jpg;200;60
https://cdn.dsmcdn.com/ty112/campaign/banners/original/568179/782d893bdc_1_detay.jpg;200;52
https://cdn.dsmcdn.com/ty107/campaign/banners/original/550227/6a867a3775_1_detay.jpg;200;60
https://cdn.dsmcdn.com/ty108/pimWidgetApi/mobile_20210429154431_551006AyakkabiCantaMobile202104141351.jpg;200;57
https://cdn.dsmcdn.com/ty105/campaign/banners/original/565592/ddfad48e3c_1_detay.jpg;200;31
https://cdn.dsmcdn.com/ty112/pimWidgetApi/mobile_20210505072124_Tommy240221mobil2.jpg;200;48
https://cdn.dsmcdn.com/ty111/campaign/banners/original/567874/b1cbacbc86_1_detay.jpg;200;54
https://cdn.dsmcdn.com/ty112/campaign/banners/original/546856/2eb2da8af1_1_detay.jpg;200;40
https://cdn.dsmcdn.com/ty111/campaign/banners/original/566944/a42929d7ed_1_detay.jpg;200;74
https://cdn.dsmcdn.com/ty110/campaign/banners/original/511498/8b4bee07a3_0_detay.jpg;200;90
https://cdn.dsmcdn.com/marketing/datascience/automation/2021/5/11/Keramika_Kadin_Mobile_202105111604.jpg;200;73
https://cdn.dsmcdn.com/ty112/campaign/banners/original/568072/835f378f07_1_detay.jpg;200;56
https://cdn.dsmcdn.com/ty112/campaign/banners/original/568180/0cdbdf1293_1_detay.jpg;200;48
https://cdn.dsmcdn.com/ty112/campaign/banners/original/567596/0010672785_1_detay.jpg;200;34
https://cdn.dsmcdn.com/ty111/pimWidgetApi/mobile_20210509192328_soho210421mobil2.jpg;200;53
https://cdn.dsmcdn.com/ty112/campaign/banners/original/564252/b28cf3a89c_1_detay.jpg;200;77
https://cdn.dsmcdn.com/marketing/datascience/automation/2021/5/11/Biancoluccikadintekstil_Kadin_Mobile_202105111801.jpg;200;85
https://cdn.dsmcdn.com/ty112/campaign/banners/original/561102/7082a456ca_1_detay.jpg;200;75
https://cdn.dsmcdn.com/ty100/campaign/banners/original/549565/699f33c1a0_0_detay.jpg;200;48
https://cdn.dsmcdn.com/ty113/pimWidgetApi/mobile_20210511082159_Poloyakabg290421mobil12.jpg;200;60
https://cdn.dsmcdn.com/ty113/campaign/banners/original/568216/77b80891d5_1_detay.jpg;200;52
https://cdn.dsmcdn.com/ty112/campaign/banners/original/567821/1f69f01898_1_detay.jpg;200;63
https://cdn.dsmcdn.com/marketing/datascience/automation/2021/5/11/Evgiyimicgiyimmayo_Kadin_Mobile_202105111804.jpg;200;64
https://cdn.dsmcdn.com/ty113/campaign/banners/original/566555/aed2d72dac_1_detay.jpg;200;61
https://cdn.dsmcdn.com/ty105/pimWidgetApi/mobile_20210424184730_kemaltanca150321mobil1.jpg;200;57
https://cdn.dsmcdn.com/ty113/campaign/banners/original/567723/8c8defa2ca_0_detay.jpg;200;56
https://cdn.dsmcdn.com/ty111/campaign/banners/original/568349/deb325c167_1_detay.jpg;200;57
https://cdn.dsmcdn.com/ty110/pimWidgetApi/mobile_20210430135007_kolyemobil.jpg;200;67
https://cdn.dsmcdn.com/ty106/campaign/banners/original/565355/e830fa5f9f_0_detay.jpg;200;56
https://cdn.dsmcdn.com/ty113/campaign/banners/original/567671/8338ac2336_1_detay.jpg;200;72
https://cdn.dsmcdn.com/ty113/pimWidgetApi/mobile_20210510134330_Kitapfuaribg070521mobil.jpg;200;64
https://cdn.dsmcdn.com/ty111/campaign/banners/original/568149/fc48eb8376_1_detay.jpg;200;58
https://cdn.dsmcdn.com/ty109/pimWidgetApi/mobile_20210430222148_adidas100221mobile.jpg;200;55
https://cdn.dsmcdn.com/ty112/campaign/banners/original/549220/01309167a2_1_detay.jpg;200;61
https://cdn.dsmcdn.com/ty112/pimWidgetApi/mobile_20210511084016_d5164f74090.jpg;200;68
https://cdn.dsmcdn.com/ty112/campaign/banners/original/568202/00cc5d5d5f_1_detay.jpg;200;54
https://cdn.dsmcdn.com/ty62/campaign/banners/original/560422/3d9276c94d_1_detay.jpg;200;61
https://cdn.dsmcdn.com/marketing/datascience/automation/2021/5/11/Perspective_Kadin_Mobile_202105111807.jpg;200;96
https://cdn.dsmcdn.com/ty109/pimWidgetApi/mobile_20210504104622_skechersguncelmobil.jpg;200;67
https://cdn.dsmcdn.com/ty113/campaign/banners/original/567964/9efc95db3a_1_detay.jpg;200;80
https://cdn.dsmcdn.com/ty104/pimWidgetApi/mobile_20210412061320_b559d6cbfb10465289668c815e82.jpg;200;209
https://cdn.dsmcdn.com/ty112/campaign/banners/original/568135/cffcf9876a_1_detay.jpg;200;31
https://cdn.dsmcdn.com/ty112/pimWidgetApi/mobile_20210510123630_suwenwidgetmobil.jpg;200;59
https://cdn.dsmcdn.com/ty111/campaign/banners/original/568137/5e85c6369d_1_detay.jpg;200;56
https://cdn.dsmcdn.com/ty111/campaign/banners/original/568150/b71699c715_1_detay.jpg;200;55
https://cdn.dsmcdn.com/marketing/datascience/automation/2021/5/11/Pattayakadintekstil_Kadin_Mobile_202105111801.jpg;200;167
https://cdn.dsmcdn.com/ty68/campaign/banners/original/307535/6d27f6cb99_0_detay.jpg;200;55
https://cdn.dsmcdn.com/ty113/pimWidgetApi/mobile_20210507132402_1f657fd1e50.jpg;200;33
https://cdn.dsmcdn.com/ty109/campaign/banners/original/566320/747c3834ab_1_detay.jpg;200;54
https://cdn.dsmcdn.com/ty111/campaign/banners/original/554305/4164689ecc_0_detay.jpg;200;84
https://cdn.dsmcdn.com/ty104/pimWidgetApi/mobile_20210414203619_560003ErkekMobile202104131513.jpg;200;49
https://cdn.dsmcdn.com/ty113/campaign/banners/original/567623/7d47a18a84_1_detay.jpg;200;87
https://cdn.dsmcdn.com/ty106/pimWidgetApi/mobile_20210420143024_guneskremleri200421mobil.jpg;200;59
https://cdn.dsmcdn.com/ty104/campaign/banners/original/408294/c53175a7a4_1_detay.jpg;200;61
https://cdn.dsmcdn.com/ty109/pimWidgetApi/mobile_20210504103041_60cf9ec85b0.jpg;200;57
https://cdn.dsmcdn.com/ty113/campaign/banners/original/533349/755353c7ef_1_detay.jpg;200;60
https://cdn.dsmcdn.com/marketing/datascience/automation/2021/5/11/Yargici_Kadin_Mobile_202105111807.jpg;200;73
https://cdn.dsmcdn.com/ty103/campaign/banners/original/558921/3098d82145_0_detay.jpg;200;61
https://cdn.dsmcdn.com/marketing/datascience/automation/2021/5/11/Adidasreebokpuma_Kadin_Mobile_202105111806.jpg;200;89
https://cdn.dsmcdn.com/ty111/campaign/banners/original/538174/5197d4a7ba_1_detay.jpg;200;32
https://cdn.dsmcdn.com/ty109/pimWidgetApi/mobile_20210428053311_spor160421mobil.jpg;200;1062
https://cdn.dsmcdn.com/ty112/campaign/banners/original/549246/66f1fc79f0_1_detay.jpg;200;57
https://cdn.dsmcdn.com/ty102/campaign/banners/original/564677/aa00e25c1b_0_detay.jpg;200;53
https://cdn.dsmcdn.com/ty109/pimWidgetApi/mobile_20210430134737_sacmobil.jpg;200;33
https://cdn.dsmcdn.com/ty111/campaign/banners/original/568096/d112845cb9_1_detay.jpg;200;56
https://cdn.dsmcdn.com/ty109/campaign/banners/original/566775/4e1f098b7f_1_detay.jpg;200;39
https://cdn.dsmcdn.com/ty111/pimWidgetApi/mobile_20210511064031_nike230221mobil.jpg;200;62
https://cdn.dsmcdn.com/ty111/campaign/banners/original/556240/130daf6e8c_0_detay.jpg;200;92
https://cdn.dsmcdn.com/ty111/campaign/banners/original/554414/597d958a47_1_detay.jpg;200;52
https://cdn.dsmcdn.com/ty112/campaign/banners/original/567861/6a06fb48f3_1_detay.jpg;200;34
https://cdn.dsmcdn.com/marketing/datascience/automation/2021/5/11/Ayakkabidakacirilmayacakfirsatlar_Kadin_Mobile_202105111802.jpg;200;109
https://cdn.dsmcdn.com/ty113/campaign/banners/original/568316/dbed7cd7f6_1_detay.jpg;200;60
https://cdn.dsmcdn.com/ty112/campaign/banners/original/568103/b6f836214e_1_detay.jpg;200;66
https://cdn.dsmcdn.com/ty112/pimWidgetApi/mobile_20210511064218_1281007KadinMobile202103291651.jpg;200;70
https://cdn.dsmcdn.com/ty109/pimWidgetApi/mobile_20210501212724_562001AyakkabiCantaMobile202104141722.jpg;200;77
https://cdn.dsmcdn.com/ty113/campaign/banners/original/553321/56777cad3d_1_detay.jpg;200;63
https://cdn.dsmcdn.com/marketing/datascience/automation/2021/5/11/Kadingiyimdebayramfirsatlari_Kadin_Mobile_202105111802.jpg;200;79
https://cdn.dsmcdn.com/ty110/campaign/banners/original/567015/38b6de9e31_1_detay.jpg;200;30
https://cdn.dsmcdn.com/marketing/datascience/automation/2021/5/11/Hoticyazkiskoleksiyonu_Kadin_Mobile_202105111807.jpg;200;87
https://cdn.dsmcdn.com/ty112/campaign/banners/original/543640/8c9ebd8ccc_0_detay.jpg;200;74
https://cdn.dsmcdn.com/ty112/campaign/banners/original/568075/5bf9070d55_1_detay.jpg;200;51
https://cdn.dsmcdn.com/ty103/pimWidgetApi/mobile_20210413145321_jeans130421mobil.jpg;200;95
https://cdn.dsmcdn.com/ty50/campaign/banners/original/536597/31b94fd88b_0_detay.jpg;200;34
https://cdn.dsmcdn.com/marketing/datascience/automation/2021/5/11/Grimelange_Kadin_Mobile_202105111802.jpg;200;107
https://cdn.dsmcdn.com/ty110/campaign/banners/original/566505/81885b76d5_1_detay.jpg;200;58
https://cdn.dsmcdn.com/ty77/campaign/banners/original/420742/c6d86bf605_1_detay.jpg;200;62
https://cdn.dsmcdn.com/ty102/campaign/banners/original/330592/467b1a2171_1_detay.jpg;200;60
https://cdn.dsmcdn.com/ty112/campaign/banners/original/566436/1d19d37b42_1_detay.jpg;200;66
https://cdn.dsmcdn.com/ty112/campaign/banners/original/566321/034d1dca43_1_detay.jpg;200;64
https://cdn.dsmcdn.com/ty112/campaign/banners/original/547470/da10fa2577_1_detay.jpg;200;62
https://cdn.dsmcdn.com/marketing/datascience/automation/2021/5/11/Pierrecardinkadinerkektekstil_Kadin_Mobile_202105111804.jpg;200;97
https://cdn.dsmcdn.com/ty98/campaign/banners/original/408641/2a00cdd6ec_1_detay.jpg;200;65
https://cdn.dsmcdn.com/ty109/pimWidgetApi/mobile_20210428070759_YvesRocherbg270421mobil.jpg;200;65
https://cdn.dsmcdn.com/ty113/campaign/banners/original/567673/8e53e14091_1_detay.jpg;200;65
https://cdn.dsmcdn.com/ty105/campaign/banners/original/558497/26d0dbd416_0_detay.jpg;200;61
https://cdn.dsmcdn.com/ty113/campaign/banners/original/566822/bf0c1d9fed_1_detay.jpg;200;56
https://cdn.dsmcdn.com/ty108/pimWidgetApi/mobile_20210430101052_dp300421mobil.jpg;200;63
https://cdn.dsmcdn.com/ty86/campaign/banners/original/457691/e5247f7a6b_1_detay.jpg;200;193
https://cdn.dsmcdn.com/ty111/campaign/banners/original/566343/647b321e84_1_detay.jpg;200;46
https://cdn.dsmcdn.com/ty77/campaign/banners/original/301248/8a68b9ac17_1_detay.jpg;200;53
https://cdn.dsmcdn.com/ty111/pimWidgetApi/mobile_20210511084356_1329095SaatAksesuarMobile202104071120.jpg;200;57
https://cdn.dsmcdn.com/ty108/campaign/banners/original/548367/72e570a3be_1_detay.jpg;200;56
https://cdn.dsmcdn.com/ty113/campaign/banners/original/567898/8cbdeddf04_1_detay.jpg;200;64
https://cdn.dsmcdn.com/marketing/datascience/automation/2021/5/11/Cantacuzdanfirsatlari_Kadin_Mobile_202105111802.jpg;200;76
https://cdn.dsmcdn.com/ty113/campaign/banners/original/567509/8e6da9bc5a_1_detay.jpg;200;48
https://cdn.dsmcdn.com/marketing/datascience/automation/2021/5/11/Tesetturgiyimdebayramfirsatlari_Kadin_Mobile_202105111802.jpg;200;114
https://cdn.dsmcdn.com/ty110/campaign/banners/original/566826/74f5a10dc2_1_detay.jpg;200;104
https://cdn.dsmcdn.com/ty111/campaign/banners/original/566889/f25238700a_0_detay.jpg;200;60
https://cdn.dsmcdn.com/ty110/pimWidgetApi/mobile_20210430140022_Sapkamobilyeni.jpg;200;32
https://cdn.dsmcdn.com/marketing/datascience/automation/2021/5/11/Bestsellerkadintekstil_Kadin_Mobile_202105111807.jpg;200;90
https://cdn.dsmcdn.com/ty102/campaign/banners/original/563599/19089732b1_1_detay.jpg;200;39
https://cdn.dsmcdn.com/ty104/campaign/banners/original/547315/db75c54177_1_detay.jpg;200;32
https://cdn.dsmcdn.com/ty110/campaign/banners/original/537154/ffe32af4fd_0_detay.jpg;200;181
https://cdn.dsmcdn.com/ty113/campaign/banners/original/567746/c416da8bda_1_detay.jpg;200;64
https://cdn.dsmcdn.com/marketing/datascience/automation/2021/5/11/Derimod_Kadin_Mobile_202105111803.jpg;200;134
https://cdn.dsmcdn.com/ty112/campaign/banners/original/567860/1331908284_1_detay.jpg;200;36
https://cdn.dsmcdn.com/ty113/campaign/banners/original/568215/2eb0f05c9e_0_detay.jpg;200;67
https://cdn.dsmcdn.com/ty111/campaign/banners/original/567859/a00fe7f618_1_detay.jpg;200;62
https://cdn.dsmcdn.com/ty71/campaign/banners/original/544560/bfe1ff762a_1_detay.jpg;200;49
https://cdn.dsmcdn.com/ty10/campaign/banners/original/523433/d7a0704422_0_detay.jpg;200;57
https://cdn.dsmcdn.com/marketing/datascience/automation/2021/5/11/Buyuksezonindirimi_Kadin_Mobile_202105111806.jpg;200;62
https://cdn.dsmcdn.com/ty99/campaign/banners/original/548369/2719b5492a_1_detay.jpg;200;52
https://cdn.dsmcdn.com/marketing/datascience/automation/2021/5/11/Saatgozlukteindirimzamani_Kadin_Mobile_202105111802.jpg;200;81
https://cdn.dsmcdn.com/ty103/campaign/banners/original/553368/92f1c4234a_1_detay.jpg;200;56
https://cdn.dsmcdn.com/ty113/campaign/banners/original/559246/5dc61fde20_1_detay.jpg;200;62
https://cdn.dsmcdn.com/ty75/campaign/banners/original/534486/154574156a_0_detay.jpg;200;44
https://cdn.dsmcdn.com/ty84/campaign/banners/original/450993/6e4075054d_1_detay.jpg;200;67
https://cdn.dsmcdn.com/marketing/datascience/automation/2021/5/11/Mugepluscantacuzdanfirsatlari_Kadin_Mobile_202105111807.jpg;200;112
https://cdn.dsmcdn.com/ty112/pimWidgetApi/mobile_20210511144836_terliksandalet120521mobile.jpg;200;59
https://cdn.dsmcdn.com/ty112/pimWidgetApi/mobile_20210511143730_568317SaatAksesuarMobile202105111655.jpg;200;60
https://cdn.dsmcdn.com/ty113/campaign/banners/original/562626/fb43f634be_1_detay.jpg;200;48
https://cdn.dsmcdn.com/ty105/campaign/banners/original/561807/64b27d6556_1_detay.jpg;200;29
https://cdn.dsmcdn.com/ty113/campaign/banners/original/568060/16f898a34a_1_detay.jpg;200;60
https://cdn.dsmcdn.com/ty111/campaign/banners/original/553316/d05e6ed967_1_detay.jpg;200;53
https://cdn.dsmcdn.com/ty50/campaign/banners/original/559962/2f0f6e4669_0_detay.jpg;200;64
https://cdn.dsmcdn.com/ty113/pimWidgetApi/mobile_20210509192847_559068KadinMobile202105041852.jpg;200;89
https://cdn.dsmcdn.com/ty104/campaign/banners/original/394702/8f9e2cb908_1_detay.jpg;200;37
https://cdn.dsmcdn.com/marketing/datascience/automation/2021/5/11/Hobieglenceurunlerindedevfirsatlar_Kadin_Mobile_202105111806.jpg;200;108
https://cdn.dsmcdn.com/ty113/campaign/banners/original/568217/7329e7ba39_0_detay.jpg;200;99
https://cdn.dsmcdn.com/ty112/campaign/banners/original/567873/3abde2df3c_1_detay.jpg;200;30
https://cdn.dsmcdn.com/ty110/campaign/banners/original/566915/320a0395de_0_detay.jpg;200;86
https://cdn.dsmcdn.com/ty113/campaign/banners/original/559182/3352dc4733_0_detay.jpg;200;35
https://cdn.dsmcdn.com/ty109/campaign/banners/original/567545/5f157e6da5_0_detay.jpg;200;63
https://cdn.dsmcdn.com/ty109/campaign/banners/original/565534/5510cce11f_0_detay.jpg;200;48
https://cdn.dsmcdn.com/ty113/campaign/banners/original/568097/3fcfdcc3eb_1_detay.jpg;200;63
https://cdn.dsmcdn.com/ty112/campaign/banners/original/568318/c664681f68_0_detay.jpg;200;94
https://cdn.dsmcdn.com/ty104/campaign/banners/original/531726/385d058062_1_detay.jpg;200;64
https://cdn.dsmcdn.com/ty111/campaign/banners/original/567272/13a50fc453_1_detay.jpg;200;63
https://cdn.dsmcdn.com/ty112/campaign/banners/original/568227/73027f54d1_1_detay.jpg;200;66
https://cdn.dsmcdn.com/ty104/campaign/banners/original/402741/5b5dec2c73_0_detay.jpg;200;59
https://cdn.dsmcdn.com/ty111/campaign/banners/original/565748/d27f33aca2_1_detay.jpg;200;57
https://cdn.dsmcdn.com/ty104/campaign/banners/original/556062/5bb0a65664_1_detay.jpg;200;46
https://cdn.dsmcdn.com/ty103/campaign/banners/original/470843/d4cbfe07f7_1_detay.jpg;200;60
https://cdn.dsmcdn.com/ty111/campaign/banners/original/484541/ffab5a804d_0_detay.jpg;200;83
https://cdn.dsmcdn.com/ty111/campaign/banners/original/567614/66024bab5e_1_detay.jpg;200;61
https://cdn.dsmcdn.com/ty112/campaign/banners/original/568047/8a7765f2eb_0_detay.jpg;200;53
https://cdn.dsmcdn.com/ty112/campaign/banners/original/567810/5ce1e75f9b_0_detay.jpg;200;60
https://cdn.dsmcdn.com/ty111/campaign/banners/original/566556/d1576c4c2f_1_detay.jpg;200;55
https://cdn.dsmcdn.com/ty111/campaign/banners/original/558915/6b1c603eca_1_detay.jpg;200;73
https://cdn.dsmcdn.com/ty106/campaign/banners/original/547589/a7af4b0f57_1_detay.jpg;200;53
https://cdn.dsmcdn.com/ty111/campaign/banners/original/498446/61f31038f0_1_detay.jpg;200;59
https://cdn.dsmcdn.com/marketing/datascience/automation/2021/5/11/Otomobilaksesuarlarindabaharfirsati_Kadin_Mobile_202105111803.jpg;200;107
https://cdn.dsmcdn.com/ty111/campaign/banners/original/567275/fd6efe3c67_1_detay.jpg;200;54
https://cdn.dsmcdn.com/ty111/pimWidgetApi/mobile_20210511054135_TefalwmfEvyasamMobile202105110809.jpg;200;79
https://cdn.dsmcdn.com/ty112/campaign/banners/original/568211/88c7b2736e_0_detay.jpg;200;55
https://cdn.dsmcdn.com/ty111/pimWidgetApi/mobile_20210506102925_DanielKleinbg200421mobil.jpg;200;59
https://cdn.dsmcdn.com/marketing/datascience/automation/2021/5/11/Bayramliklarsepete_Kadin_Mobile_202105111801.jpg;200;66
https://cdn.dsmcdn.com/web/production/small_boutique_placeholder.jpg;200;62
https://cdn.dsmcdn.com/marketing/datascience/automation/2021/5/11/Hummel_Kadin_Mobile_202105111806.jpg;200;94
https://cdn.dsmcdn.com/ty110/pimWidgetApi/mobile_20210429073440_1434860KadinMobile202104290953.jpg;200;49
https://cdn.dsmcdn.com/marketing/datascience/automation/2021/5/11/Supurgeveutulereozelfirsatlar_Kadin_Mobile_202105111803.jpg;200;86
https://cdn.dsmcdn.com/marketing/datascience/automation/2021/5/11/Limoncompanyfabrika_Kadin_Mobile_202105111806.jpg;200;91
https://cdn.dsmcdn.com/marketing/datascience/automation/2021/5/11/Bilgisayarveekipmanlaritabletyazicimonitor_Kadin_Mobile_202105111803.jpg;200;107
https://cdn.dsmcdn.com/ty110/pimWidgetApi/mobile_20210501212616_562001AyakkabiCantaMobile202104141752.jpg;200;92
https://cdn.dsmcdn.com/ty112/pimWidgetApi/mobile_20210505142034_a7a9db00dc0.jpg;200;36
https://cdn.dsmcdn.com/ty64/campaign/banners/original/540850/7802325be7_1_detay.jpg;200;58
https://cdn.dsmcdn.com/marketing/datascience/automation/2021/5/11/Banyourunlerifirsatlari_Kadin_Mobile_202105111806.jpg;200;112
https://cdn.dsmcdn.com/marketing/datascience/automation/2021/5/11/Networkkadinerkektekstil_Kadin_Mobile_202105111802.jpg;200;82
https://cdn.dsmcdn.com/ty113/pimWidgetApi/mobile_20210505090903_d46139addb1.jpg;200;38
https://cdn.dsmcdn.com/marketing/datascience/automation/2021/5/11/Oyunoyunkonsollari_Kadin_Mobile_202105111803.jpg;200;96
https://cdn.dsmcdn.com/web/production/small_boutique_placeholder.jpg;200;60
https://cdn.dsmcdn.com/marketing/datascience/automation/2021/5/11/Devmarkalardafirsatlar_Kadin_Mobile_202105111801.jpg;200;93
https://cdn.dsmcdn.com/ty113/pimWidgetApi/mobile_20210507101939_mobile20210430085740casio15web.jpg;200;80
https://cdn.dsmcdn.com/ty109/campaign/banners/original/560500/9c2f0c0836_1_detay.jpg;200;57
https://cdn.dsmcdn.com/marketing/datascience/automation/2021/5/11/Marjin_Kadin_Mobile_202105111807.jpg;200;80
https://cdn.dsmcdn.com/ty113/pimWidgetApi/mobile_20210506100841_1544896AyakkabiCantaMobile202105051930.jpg;200;51
https://cdn.dsmcdn.com/ty111/pimWidgetApi/mobile_20210508161927_1607831KadinMobile202105051931.jpg;200;65
https://cdn.dsmcdn.com/ty99/pimWidgetApi/1332931_mobile_20210408110838_556284KadinMobile202104051720.jpg;200;63
https://cdn.dsmcdn.com/marketing/datascience/automation/2021/5/11/Bahceyapimarkethirdavaturunleri_Kadin_Mobile_202105111807.jpg;200;112
https://cdn.dsmcdn.com/marketing/datascience/automation/2021/5/11/Lottoletoonlesconjump_Kadin_Mobile_202105111806.jpg;200;74
https://cdn.dsmcdn.com/marketing/datascience/automation/2021/5/11/Outdoorbayramfirsati_Kadin_Mobile_202105111802.jpg;200;72
https://cdn.dsmcdn.com/ty112/pimWidgetApi/mobile_20210506103111_mobile20210414064203rayban101220.jpg;200;38
https://cdn.dsmcdn.com/marketing/datascience/automation/2021/5/11/Pierrecardincantacuzdandabayramfirsati_Kadin_Mobile_202105111804.jpg;200;57
https://cdn.dsmcdn.com/ty111/pimWidgetApi/mobile_20210507124721_Cocukmobilyabg070521mobil.jpg;200;36
https://cdn.dsmcdn.com/ty113/pimWidgetApi/mobile_20210507140616_1614669KadinMobile202105071352.jpg;200;64
https://cdn.dsmcdn.com/ty112/pimWidgetApi/mobile_20210508100322_luksmarkalar060521mobil.jpg;200;132
https://cdn.dsmcdn.com/marketing/datascience/automation/2021/5/11/Nikenewbalancevansconverse_Kadin_Mobile_202105111806.jpg;200;102
https://cdn.dsmcdn.com/ty111/pimWidgetApi/mobile_20210506121929_Philipsbg290421mobil.jpg;200;52
https://cdn.dsmcdn.com/ty112/campaign/banners/original/568232/19e5a08a69_1_detay.jpg;200;53
https://cdn.dsmcdn.com/ty104/pimWidgetApi/mobile_20210416123226_avon180221mobil.jpg;200;74
https://cdn.dsmcdn.com/marketing/datascience/automation/2021/5/11/Beyazesya_Kadin_Mobile_202105111802.jpg;200;91
https://cdn.dsmcdn.com/ty110/pimWidgetApi/mobile_20210504054856_BOBBIBROWNbg030521mobil.jpg;200;40
https://cdn.dsmcdn.com/ty109/pimWidgetApi/mobile_20210503122003_aksesuarinenyenileri030521mobil.jpg;200;63
https://cdn.dsmcdn.com/ty112/pimWidgetApi/mobile_20210510090637_Schaferbg100521mobil.jpg;200;82
https://cdn.dsmcdn.com/marketing/datascience/automation/2021/5/11/Bananarepublickadinerkektekstil_Kadin_Mobile_202105111801.jpg;200;77
https://cdn.dsmcdn.com/ty110/pimWidgetApi/mobile_20210504095957_mobile20210429100238mobile20210420132232mobile20210413174814saatgunesgozlugubg130421mobil.jpg;200;103
https://cdn.dsmcdn.com/marketing/datascience/automation/2021/5/11/Cantafestivali_Kadin_Mobile_202105111806.jpg;200;77
https://cdn.dsmcdn.com/marketing/datascience/automation/2021/5/11/Aydinlatmadaindirimzamani_Kadin_Mobile_202105111802.jpg;200;106
https://cdn.dsmcdn.com/marketing/datascience/automation/2021/5/11/Bilgisayaraksesuarlari_Kadin_Mobile_202105111803.jpg;200;79
https://cdn.dsmcdn.com/ty106/pimWidgetApi/mobile_20210419142328_Outdooreniyileri.jpg;200;64
https://cdn.dsmcdn.com/ty112/pimWidgetApi/mobile_20210511121500_PlatinReyon110521mobil.jpg;200;58
https://cdn.dsmcdn.com/ty113/pimWidgetApi/mobile_20210511153418_herkeselazim150421mobil.jpg;200;102
https://cdn.dsmcdn.com/ty113/pimWidgetApi/mobile_20210506102326_hamilegiyimbg040521mobil.jpg;200;60
https://cdn.dsmcdn.com/ty100/pimWidgetApi/1333836_mobile_20210408213104_reebokmobilkrm.jpg;200;59
https://cdn.dsmcdn.com/ty105/pimWidgetApi/mobile_20210421084435_LECOLORbg200421mobil.jpg;200;77
https://cdn.dsmcdn.com/ty65/campaign/banners/original/560855/e40eab7eef_0_detay.jpg;200;50
https://cdn.dsmcdn.com/web/production/small_boutique_placeholder.jpg;200;49
https://cdn.dsmcdn.com/ty108/pimWidgetApi/mobile_20210430084306_301.jpg;200;67
https://cdn.dsmcdn.com/ty104/pimWidgetApi/mobile_20210414062628_563713AyakkabiCantaMobile2021.jpg;200;56
https://cdn.dsmcdn.com/ty113/pimWidgetApi/mobile_20210507114158_ayakkabidaindirim230920mobil1.jpg;200;38
https://cdn.dsmcdn.com/ty109/pimWidgetApi/mobile_20210430135744_Tesbihyenimobil.jpg;200;72
https://cdn.dsmcdn.com/marketing/datascience/automation/2021/5/11/Thenorthfacecolumbia_Kadin_Mobile_202105111802.jpg;200;111
https://cdn.dsmcdn.com/marketing/datascience/automation/2021/5/11/Marakozmetik_Kadin_Mobile_202105111803.jpg;200;83
https://cdn.dsmcdn.com/ty109/pimWidgetApi/mobile_20210503054004_spordal010421mobile2.jpg;200;64
https://cdn.dsmcdn.com/ty110/pimWidgetApi/mobile_20210430091919_1331687KadinMobile202104081750.jpg;200;53
https://cdn.dsmcdn.com/ty113/campaign/banners/original/568168/3885bed497_1_detay.jpg;200;57
https://cdn.dsmcdn.com/marketing/datascience/automation/2021/5/11/Duzenlievlericinoneriler_Kadin_Mobile_202105111806.jpg;200;115
https://cdn.dsmcdn.com/ty113/pimWidgetApi/mobile_20210511065559_mobile20210505192609teknosabg050521mobil1.jpg;200;56
https://cdn.dsmcdn.com/marketing/datascience/automation/2021/5/11/Halikilimperdebayramfirsatlari_Kadin_Mobile_202105111801.jpg;200;83
https://cdn.dsmcdn.com/ty112/pimWidgetApi/mobile_20210505091216_dior120221mobil.jpg;200;80
https://cdn.dsmcdn.com/ty110/pimWidgetApi/mobile_20210429185809_24b7b515030.jpg;200;38
https://cdn.dsmcdn.com/marketing/datascience/automation/2021/5/11/Ltb_Kadin_Mobile_202105111807.jpg;200;91
https://cdn.dsmcdn.com/ty111/campaign/banners/original/567942/afabb3f53c_1_detay.jpg;200;66
https://cdn.dsmcdn.com/marketing/datascience/automation/2021/5/11/Aksesuardunyasi_Kadin_Mobile_202105111801.jpg;200;76
https://cdn.dsmcdn.com/marketing/datascience/automation/2021/5/11/Sleepymayisfirsati_Kadin_Mobile_202105111802.jpg;200;117
https://cdn.dsmcdn.com/ty110/pimWidgetApi/mobile_20210504103158_parfum040521mobil.jpg;200;57
https://cdn.dsmcdn.com/ty108/pimWidgetApi/mobile_20210501212219_559692AyakkabiCantaMobile202104191421.jpg;200;68
https://cdn.dsmcdn.com/ty109/campaign/banners/original/566294/c6d8d63efb_1_detay.jpg;200;67
https://cdn.dsmcdn.com/marketing/datascience/automation/2021/5/11/Yoyojuniorcaluubaby_Kadin_Mobile_202105111806.jpg;200;105
https://cdn.dsmcdn.com/marketing/datascience/automation/2021/5/11/Tommyhilfigerkadinerkekkoleksiyonu_Kadin_Mobile_202105111806.jpg;200;114
https://cdn.dsmcdn.com/ty105/pimWidgetApi/mobile_20210419081426_250tlalti160421mobile.jpg;200;62
https://cdn.dsmcdn.com/ty103/pimWidgetApi/mobile_20210413221836_sporgiyimkarma230221mobile.jpg;200;55
https://cdn.dsmcdn.com/ty112/pimWidgetApi/mobile_20210505083814_ECKO050321mobile.jpg;200;67
https://cdn.dsmcdn.com/ty112/pimWidgetApi/mobile_20210511114450_minipicobg280421mobil2.jpg;200;72
https://cdn.dsmcdn.com/marketing/datascience/automation/2021/5/11/Giyilebilirteknolojitelefonaksesuarlaribayramfirsatlari_Kadin_Mobile_202105111804.jpg;200;110
https://cdn.dsmcdn.com/ty110/pimWidgetApi/mobile_20210503053731_TarafiniSecsection222020090115SON.jpg;200;62
https://cdn.dsmcdn.com/ty112/campaign/banners/original/543648/3ca8f084e7_1_detay.jpg;200;64
https://cdn.dsmcdn.com/marketing/datascience/automation/2021/5/11/Desa_Kadin_Mobile_202105111807.jpg;200;88
https://cdn.dsmcdn.com/web/production/small_boutique_placeholder.jpg;200;30
https://cdn.dsmcdn.com/ty111/pimWidgetApi/mobile_20210507104524_1182646mobile20210309102230be.jpg;200;48
https://cdn.dsmcdn.com/ty78/campaign/banners/original/517648/263f8ca001_1_detay.jpg;200;51
https://cdn.dsmcdn.com/ty111/campaign/banners/original/427847/8e12e8c01e_1_detay.jpg;200;65
https://cdn.dsmcdn.com/ty113/campaign/banners/original/567956/750f454ac0_1_detay.jpg;200;62
https://cdn.dsmcdn.com/ty111/campaign/banners/original/568325/ccbe137fbe_1_detay.jpg;200;87
https://cdn.dsmcdn.com/ty111/campaign/banners/original/566964/387612276b_1_detay.jpg;200;47
https://cdn.dsmcdn.com/ty105/campaign/banners/original/406501/f4d11bdc08_1_detay.jpg;200;69
https://cdn.dsmcdn.com/ty109/campaign/banners/original/566296/ea84b1bd5b_0_detay.jpg;200;103
https://cdn.dsmcdn.com/ty111/campaign/banners/original/567548/eda519a791_1_detay.jpg;200;69
https://cdn.dsmcdn.com/ty111/campaign/banners/original/557029/64c1298677_0_detay.jpg;200;60
https://cdn.dsmcdn.com/ty109/campaign/banners/original/566292/8542e8d427_1_detay.jpg;200;102
https://cdn.dsmcdn.com/ty112/campaign/banners/original/512707/a9dff7bf05_1_detay.jpg;200;75
https://cdn.dsmcdn.com/ty113/campaign/banners/original/568388/b4d2acb092_0_detay.jpg;200;71
https://cdn.dsmcdn.com/ty113/campaign/banners/original/567605/9246771f0b_1_detay.jpg;200;48
https://cdn.dsmcdn.com/ty84/campaign/banners/original/462292/0c9513fcdf_0_detay.jpg;200;58
https://cdn.dsmcdn.com/ty113/campaign/banners/original/559068/1d0eab612c_1_detay.jpg;200;73
https://cdn.dsmcdn.com/ty53/campaign/banners/original/559963/df7a947b68_0_detay.jpg;200;52
https://cdn.dsmcdn.com/ty113/campaign/banners/original/568293/7d15a50732_1_detay.jpg;200;49
https://cdn.dsmcdn.com/ty102/campaign/banners/original/446091/edf92c7ef7_1_detay.jpg;200;60
https://cdn.dsmcdn.com/ty113/campaign/banners/original/553010/c1d1969ea0_1_detay.jpg;200;62
https://cdn.dsmcdn.com/ty105/campaign/banners/original/565439/f223972930_1_detay.jpg;200;53
https://cdn.dsmcdn.com/ty113/campaign/banners/original/566860/bfc94de57b_1_detay.jpg;200;58
https://cdn.dsmcdn.com/ty101/campaign/banners/original/563402/ceda3dc8dc_1_detay.jpg;200;63
https://cdn.dsmcdn.com/ty67/campaign/banners/original/558443/70d084bcd2_1_detay.jpg;200;52
https://cdn.dsmcdn.com/ty105/campaign/banners/original/555738/da4563faf7_1_detay.jpg;200;56
https://cdn.dsmcdn.com/ty113/campaign/banners/original/567830/4b99c12702_1_detay.jpg;200;61
https://cdn.dsmcdn.com/ty61/campaign/banners/original/316861/2b46fdfbd8_1_detay.jpg;200;43
https://cdn.dsmcdn.com/ty107/campaign/banners/original/379205/23c944d0f1_0_detay.jpg;200;37
https://cdn.dsmcdn.com/ty104/campaign/banners/original/520193/9947800239_0_detay.jpg;200;59
https://cdn.dsmcdn.com/ty112/campaign/banners/original/567933/b19f45a45a_1_detay.jpg;200;49
https://cdn.dsmcdn.com/ty113/campaign/banners/original/568266/2e36bc5331_1_detay.jpg;200;54
https://cdn.dsmcdn.com/ty112/campaign/banners/original/568315/bc3a302e27_1_detay.jpg;200;68
https://cdn.dsmcdn.com/ty110/campaign/banners/original/566082/8e6cb851f3_1_detay.jpg;200;55
https://cdn.dsmcdn.com/ty102/campaign/banners/original/563707/b1f12f1840_1_detay.jpg;200;72
https://cdn.dsmcdn.com/ty113/campaign/banners/original/567662/16a909dd47_1_detay.jpg;200;58
https://cdn.dsmcdn.com/ty113/campaign/banners/original/568246/acff0500b4_1_detay.jpg;200;57
https://cdn.dsmcdn.com/ty111/campaign/banners/original/568063/9e7510cd38_0_detay.jpg;200;96
https://cdn.dsmcdn.com/ty41/campaign/banners/original/470895/9e67ae7cb5_0_detay.jpg;200;61
https://cdn.dsmcdn.com/ty17/campaign/banners/original/548705/9d5bdb7a2f_0_detay.jpg;200;77
https://cdn.dsmcdn.com/ty103/campaign/banners/original/541535/fd0f005218_1_detay.jpg;200;60
https://cdn.dsmcdn.com/ty109/campaign/banners/original/567403/6d7877e1cf_1_detay.jpg;200;66
https://cdn.dsmcdn.com/ty111/campaign/banners/original/567893/ccbbc58c3a_1_detay.jpg;200;73
https://cdn.dsmcdn.com/ty101/campaign/banners/original/544051/75eff11e58_0_detay.jpg;200;44
https://cdn.dsmcdn.com/ty83/campaign/banners/original/559151/93885090f4_0_detay.jpg;200;60
https://cdn.dsmcdn.com/ty113/campaign/banners/original/562085/7b1f529cc0_1_detay.jpg;200;57
https://cdn.dsmcdn.com/ty112/campaign/banners/original/567995/69195edeaa_1_detay.jpg;200;62
https://cdn.dsmcdn.com/ty67/campaign/banners/original/553774/9c15ea6166_0_detay.jpg;200;53
https://cdn.dsmcdn.com/ty113/campaign/banners/original/568186/a00f5bc4ff_1_detay.jpg;200;63
https://cdn.dsmcdn.com/ty111/campaign/banners/original/547281/ac3e688c82_1_detay.jpg;200;96
https://cdn.dsmcdn.com/ty110/campaign/banners/original/566285/b44d284f81_0_detay.jpg;200;73
https://cdn.dsmcdn.com/ty41/campaign/banners/original/449050/909214cbce_1_detay.jpg;200;47
https://cdn.dsmcdn.com/ty101/campaign/banners/original/409300/ef5f97b3a8_1_detay.jpg;200;64
https://cdn.dsmcdn.com/marketing/datascience/automation/2021/5/11/Englishhome_Kadin_Mobile_202105111625.jpg;200;80
https://cdn.dsmcdn.com/ty113/campaign/banners/original/567785/9b6ded8dad_1_detay.jpg;200;64
https://cdn.dsmcdn.com/ty113/campaign/banners/original/567258/256aeaddb6_1_detay.jpg;200;96
https://cdn.dsmcdn.com/ty49/campaign/banners/original/561858/edfad214d9_0_detay.jpg;200;60
https://cdn.dsmcdn.com/ty104/campaign/banners/original/549026/1f23a08a0e_0_detay.jpg;200;52
https://cdn.dsmcdn.com/ty111/campaign/banners/original/563847/c69ec6b829_1_detay.jpg;200;123
https://cdn.dsmcdn.com/ty79/campaign/banners/original/545293/d8d8a9f38b_1_detay.jpg;200;39
https://cdn.dsmcdn.com/ty111/campaign/banners/original/567161/93aa71b4fb_1_detay.jpg;200;68
https://cdn.dsmcdn.com/ty113/campaign/banners/original/567939/0f9ff845c1_1_detay.jpg;200;58
https://cdn.dsmcdn.com/ty102/campaign/banners/original/533085/dd14261f80_1_detay.jpg;200;56
https://cdn.dsmcdn.com/ty112/campaign/banners/original/567854/8ab0058f8d_1_detay.jpg;200;47
https://cdn.dsmcdn.com/ty104/campaign/banners/original/564075/bcc4941422_0_detay.jpg;200;54
https://cdn.dsmcdn.com/ty113/campaign/banners/original/548266/c2b87b2156_1_detay.jpg;200;60
https://cdn.dsmcdn.com/ty113/campaign/banners/original/567613/af6710a1d9_1_detay.jpg;200;66
https://cdn.dsmcdn.com/ty108/campaign/banners/original/563397/aa43062db6_1_detay.jpg;200;66
https://cdn.dsmcdn.com/ty112/campaign/banners/original/565480/4530020cb0_1_detay.jpg;200;88
https://cdn.dsmcdn.com/ty112/campaign/banners/original/567917/bd93f0bb84_0_detay.jpg;200;71
https://cdn.dsmcdn.com/ty112/campaign/banners/original/567617/fb48ff68b0_1_detay.jpg;200;91
https://cdn.dsmcdn.com/ty80/campaign/banners/original/554564/c311fc1676_1_detay.jpg;200;27
https://cdn.dsmcdn.com/ty69/campaign/banners/original/554462/344c433eea_0_detay.jpg;200;52
https://cdn.dsmcdn.com/ty113/campaign/banners/original/306945/b14c9ad759_1_detay.jpg;200;57
https://cdn.dsmcdn.com/ty20/campaign/banners/original/561806/45410052ff_1_detay.jpg;200;53
https://cdn.dsmcdn.com/ty111/campaign/banners/original/567445/c50b9c9abb_1_detay.jpg;200;43
https://cdn.dsmcdn.com/ty46/campaign/banners/original/561805/6216e30ce4_1_detay.jpg;200;42
https://cdn.dsmcdn.com/ty111/campaign/banners/original/568291/2ca401c695_1_detay.jpg;200;90
https://cdn.dsmcdn.com/ty111/campaign/banners/original/567659/7889fa7c8e_1_detay.jpg;200;38
https://cdn.dsmcdn.com/ty112/campaign/banners/original/568389/dd91e6cd49_1_detay.jpg;200;121
https://cdn.dsmcdn.com/ty110/campaign/banners/original/566859/ce02bb9701_1_detay.jpg;200;38
https://cdn.dsmcdn.com/ty113/campaign/banners/original/568205/6ef59ad83d_1_detay.jpg;200;53
https://cdn.dsmcdn.com/ty108/campaign/banners/original/566431/4a256727d2_1_detay.jpg;200;48
https://cdn.dsmcdn.com/ty41/campaign/banners/original/555969/1e567fd3de_1_detay.jpg;200;27
https://cdn.dsmcdn.com/ty112/campaign/banners/original/566986/dc9d7737ac_0_detay.jpg;200;47
https://cdn.dsmcdn.com/ty113/campaign/banners/original/567938/b61b41a224_1_detay.jpg;200;75
https://cdn.dsmcdn.com/ty113/campaign/banners/original/568144/769922b3f5_1_detay.jpg;200;31
https://cdn.dsmcdn.com/ty112/campaign/banners/original/567200/b636af5e13_1_detay.jpg;200;37
https://cdn.dsmcdn.com/ty113/campaign/banners/original/567160/c9fd5e8ca5_1_detay.jpg;200;36
https://cdn.dsmcdn.com/ty108/campaign/banners/original/567439/b60ed5e17d_0_detay.jpg;200;75
https://cdn.dsmcdn.com/ty111/campaign/banners/original/567674/ef631825b4_1_detay.jpg;200;35
https://cdn.dsmcdn.com/ty111/campaign/banners/original/566013/9c95335929_1_detay.jpg;200;38
https://cdn.dsmcdn.com/ty99/campaign/banners/original/563405/93aeaa0b7c_1_detay.jpg;200;51
https://cdn.dsmcdn.com/ty113/campaign/banners/original/566527/e3e64e2973_0_detay.jpg;200;58
https://cdn.dsmcdn.com/ty113/campaign/banners/original/568130/cf6b516134_1_detay.jpg;200;54
https://cdn.dsmcdn.com/ty113/campaign/banners/original/568296/d7d2bdb45b_1_detay.jpg;200;50
https://cdn.dsmcdn.com/ty113/campaign/banners/original/568330/e16a38c079_0_detay.jpg;200;62
https://cdn.dsmcdn.com/ty72/campaign/banners/original/555735/d9d3324a8d_0_detay.jpg;200;31
https://cdn.dsmcdn.com/ty57/campaign/banners/original/550886/a30cf9fd57_1_detay.jpg;200;50
https://cdn.dsmcdn.com/ty113/campaign/banners/original/567719/24919f2a49_1_detay.jpg;200;63
https://cdn.dsmcdn.com/ty101/campaign/banners/original/555768/0f0068a86b_1_detay.jpg;200;53
https://cdn.dsmcdn.com/ty108/campaign/banners/original/566293/ba90b6540b_0_detay.jpg;200;62
https://cdn.dsmcdn.com/ty77/campaign/banners/original/419449/86de8cfc93_0_detay.jpg;200;35
https://cdn.dsmcdn.com/ty59/campaign/banners/original/550467/639df7d9f4_1_detay.jpg;200;57
https://cdn.dsmcdn.com/ty41/campaign/banners/original/529789/7e037da831_0_detay.jpg;200;53
https://cdn.dsmcdn.com/ty111/campaign/banners/original/567244/c3b2d5b3f4_1_detay.jpg;200;64
https://cdn.dsmcdn.com/ty112/campaign/banners/original/559485/f4746df329_1_detay.jpg;200;37
https://cdn.dsmcdn.com/ty112/campaign/banners/original/567777/edd4647da4_0_detay.jpg;200;48
https://cdn.dsmcdn.com/ty109/campaign/banners/original/560930/f4c2867d86_1_detay.jpg;200;54
https://cdn.dsmcdn.com/ty111/campaign/banners/original/568064/dcab2f3bb5_0_detay.jpg;200;57
https://cdn.dsmcdn.com/ty60/campaign/banners/original/560849/4d1fd09f55_1_detay.jpg;200;95
https://cdn.dsmcdn.com/ty104/campaign/banners/original/562284/e344b1c7e2_1_detay.jpg;200;42
https://cdn.dsmcdn.com/ty104/campaign/banners/original/564109/8d70942a86_0_detay.jpg;200;40
https://cdn.dsmcdn.com/ty57/campaign/banners/original/559483/5927eaacf2_1_detay.jpg;200;52
https://cdn.dsmcdn.com/ty112/campaign/banners/original/567663/8476937bf0_1_detay.jpg;200;67
https://cdn.dsmcdn.com/ty102/campaign/banners/original/436751/2aeb95aa53_1_detay.jpg;200;57
https://cdn.dsmcdn.com/ty111/campaign/banners/original/568403/9af5a07587_1_detay.jpg;200;44
https://cdn.dsmcdn.com/ty111/campaign/banners/original/566937/6668bef5cb_1_detay.jpg;200;62
https://cdn.dsmcdn.com/ty106/campaign/banners/original/563710/c326912774_0_detay.jpg;200;50
https://cdn.dsmcdn.com/ty103/campaign/banners/original/549376/9d5032fc5a_1_detay.jpg;200;46
https://cdn.dsmcdn.com/ty103/campaign/banners/original/560292/cbc0a4d790_1_detay.jpg;200;61
https://cdn.dsmcdn.com/ty110/campaign/banners/original/566540/252fbd1cc0_1_detay.jpg;200;69
https://cdn.dsmcdn.com/ty113/campaign/banners/original/566967/53e8970a12_1_detay.jpg;200;67
https://cdn.dsmcdn.com/ty104/campaign/banners/original/563711/7a63f396ba_0_detay.jpg;200;51
https://cdn.dsmcdn.com/ty102/campaign/banners/original/560003/ba62b6a99c_0_detay.jpg;200;29
https://cdn.dsmcdn.com/ty104/campaign/banners/original/547266/c8b9ab2300_0_detay.jpg;200;43
https://cdn.dsmcdn.com/ty113/campaign/banners/original/567577/bea0b61d84_1_detay.jpg;200;53
https://cdn.dsmcdn.com/ty112/campaign/banners/original/567667/fa1cfb0019_1_detay.jpg;200;64
https://cdn.dsmcdn.com/ty113/campaign/banners/original/568274/339d4e4adb_0_detay.jpg;200;59
https://cdn.dsmcdn.com/ty112/campaign/banners/original/567586/0d2f199ad2_1_detay.jpg;200;57
https://cdn.dsmcdn.com/ty96/campaign/banners/original/559526/623200b4d7_1_detay.jpg;200;55
https://cdn.dsmcdn.com/ty110/campaign/banners/original/566878/0b57b94755_1_detay.jpg;200;70
https://cdn.dsmcdn.com/ty108/campaign/banners/original/566729/de3c97144d_1_detay.jpg;200;55
https://cdn.dsmcdn.com/ty72/campaign/banners/original/555857/3dd681f78d_0_detay.jpg;200;59
https://cdn.dsmcdn.com/ty102/campaign/banners/original/550857/21721b89bb_0_detay.jpg;200;56
https://cdn.dsmcdn.com/ty112/campaign/banners/original/567615/370d1b5446_0_detay.jpg;200;62
https://cdn.dsmcdn.com/ty113/campaign/banners/original/566323/f55ba515d5_1_detay.jpg;200;63
https://cdn.dsmcdn.com/ty109/campaign/banners/original/548289/e9c1e78c60_1_detay.jpg;200;92
https://cdn.dsmcdn.com/ty108/campaign/banners/original/567499/d94505c0a5_0_detay.jpg;200;27
https://cdn.dsmcdn.com/ty108/campaign/banners/original/548358/861e4f5c06_1_detay.jpg;200;54
https://cdn.dsmcdn.com/ty55/campaign/banners/original/560606/2d0317fd5f_0_detay.jpg;200;51
https://cdn.dsmcdn.com/ty112/campaign/banners/original/568260/a1786623df_0_detay.jpg;200;72
https://cdn.dsmcdn.com/ty107/campaign/banners/original/565702/96e15a8265_0_detay.jpg;200;74
https://cdn.dsmcdn.com/ty77/campaign/banners/original/557623/160a5e0e56_0_detay.jpg;200;43
https://cdn.dsmcdn.com/ty113/campaign/banners/original/568159/bee8151d8b_1_detay.jpg;200;81
https://cdn.dsmcdn.com/ty113/campaign/banners/original/568087/5f3b640be6_1_detay.jpg;200;40
https://cdn.dsmcdn.com/ty67/campaign/banners/original/560035/78e405da1a_0_detay.jpg;200;60
https://cdn.dsmcdn.com/ty103/campaign/banners/original/507592/487224fa85_0_detay.jpg;200;58
https://cdn.dsmcdn.com/ty112/campaign/banners/original/567705/f92780f460_0_detay.jpg;200;60
https://cdn.dsmcdn.com/ty109/campaign/banners/original/567048/dd1d7d558e_0_detay.jpg;200;99
https://cdn.dsmcdn.com/ty87/campaign/banners/original/371894/c08b0dc4c0_0_detay.jpg;200;59
https://cdn.dsmcdn.com/ty106/campaign/banners/original/565935/e4e59c5ba4_0_detay.jpg;200;41
https://cdn.dsmcdn.com/ty113/campaign/banners/original/567449/923a39789d_1_detay.jpg;200;79
https://cdn.dsmcdn.com/ty103/pimWidgetApi/mobile_20210414150947_yazalisverisibg150421mobile.jpg;200;69
https://cdn.dsmcdn.com/ty112/campaign/banners/original/567151/6ac74a5263_1_detay.jpg;200;55
https://cdn.dsmcdn.com/ty68/campaign/banners/original/553934/c1baa5d595_0_detay.jpg;200;50
https://cdn.dsmcdn.com/ty109/campaign/banners/original/560917/2d1e8a640c_1_detay.jpg;200;60
https://cdn.dsmcdn.com/marketing/datascience/automation/2021/5/11/Babyturcomayisfirsati_Kadin_Mobile_202105111802.jpg;200;88
https://cdn.dsmcdn.com/ty103/campaign/banners/original/305727/0eed561d43_1_detay.jpg;200;58
https://cdn.dsmcdn.com/ty111/campaign/banners/original/567260/07f2373df8_0_detay.jpg;200;58
https://cdn.dsmcdn.com/ty113/campaign/banners/original/568237/d47f1a2d45_1_detay.jpg;200;62
https://cdn.dsmcdn.com/ty112/campaign/banners/original/566298/ab35715653_0_detay.jpg;200;64
https://cdn.dsmcdn.com/ty106/campaign/banners/original/556203/0fde9a88cf_0_detay.jpg;200;50
https://cdn.dsmcdn.com/ty112/campaign/banners/original/567655/662b8d57c8_0_detay.jpg;200;96
https://cdn.dsmcdn.com/ty112/pimWidgetApi/mobile_20210505140727_565495SupermarketMobile202104201221.jpg;200;46
https://cdn.dsmcdn.com/ty112/pimWidgetApi/mobile_20210510142639_1625261SupermarketMobile20210.jpg;200;45
https://cdn.dsmcdn.com/ty102/campaign/banners/original/559653/63fac8c66b_1_detay.jpg;200;52
https://cdn.dsmcdn.com/marketing/datascience/automation/2021/5/11/Elleshoesbayramozel_Kadin_Mobile_202105111802.jpg;200;100
https://cdn.dsmcdn.com/ty111/campaign/banners/original/568323/96ea2126f1_1_detay.jpg;200;53
https://cdn.dsmcdn.com/ty45/campaign/banners/original/548693/097b2e9ec2_0_detay.jpg;200;60
https://cdn.dsmcdn.com/ty111/campaign/banners/original/568050/5a8a5b2ff9_1_detay.jpg;200;61
https://cdn.dsmcdn.com/ty113/campaign/banners/original/567620/47940ea506_1_detay.jpg;200;36
https://cdn.dsmcdn.com/ty103/campaign/banners/original/322846/fbef9128cc_1_detay.jpg;200;80
https://cdn.dsmcdn.com/ty111/campaign/banners/original/567360/1d2149180b_1_detay.jpg;200;36
https://cdn.dsmcdn.com/ty103/campaign/banners/original/559347/89e6d93f9e_1_detay.jpg;200;50
https://cdn.dsmcdn.com/ty113/campaign/banners/original/568228/032e844a03_0_detay.jpg;200;47
https://cdn.dsmcdn.com/ty112/campaign/banners/original/567798/d06af9cc15_0_detay.jpg;200;61
https://cdn.dsmcdn.com/ty113/campaign/banners/original/550297/23f0c8e50e_0_detay.jpg;200;53
https://cdn.dsmcdn.com/ty109/campaign/banners/original/566286/c02da26130_1_detay.jpg;200;56
https://cdn.dsmcdn.com/ty105/campaign/banners/original/562595/ce7376b419_0_detay.jpg;200;66
https://cdn.dsmcdn.com/ty107/campaign/banners/original/553330/a9e7f939cc_1_detay.jpg;200;62
https://cdn.dsmcdn.com/ty75/campaign/banners/original/482591/336034c908_0_detay.jpg;200;63
https://cdn.dsmcdn.com/ty107/campaign/banners/original/533286/7c21b8e6b2_0_detay.jpg;200;45
https://cdn.dsmcdn.com/marketing/datascience/automation/2021/5/11/Evtekstilindebayramfirsatlari_Kadin_Mobile_202105111804.jpg;200;113
https://cdn.dsmcdn.com/ty103/campaign/banners/original/555449/63cd31d5f9_1_detay.jpg;200;70
https://cdn.dsmcdn.com/ty109/campaign/banners/original/567010/6aa556557f_0_detay.jpg;200;61
https://cdn.dsmcdn.com/ty112/campaign/banners/original/566482/9e6d81bc4e_0_detay.jpg;200;57
https://cdn.dsmcdn.com/ty111/campaign/banners/original/567699/886a7be883_0_detay.jpg;200;76
https://cdn.dsmcdn.com/ty102/campaign/banners/original/550136/5703bbf1f1_1_detay.jpg;200;51
https://cdn.dsmcdn.com/ty113/campaign/banners/original/566943/e460054d86_0_detay.jpg;200;60
https://cdn.dsmcdn.com/ty111/campaign/banners/original/568204/a03b58282e_0_detay.jpg;200;62
https://cdn.dsmcdn.com/ty84/campaign/banners/original/510392/4c8fc0b3e9_0_detay.jpg;200;50
https://cdn.dsmcdn.com/marketing/datascience/automation/2021/5/11/Altinpirlantafestivali_Kadin_Mobile_202105111801.jpg;200;72
https://cdn.dsmcdn.com/marketing/datascience/automation/2021/5/11/Dekorasyondayenilikzamani_Kadin_Mobile_202105111802.jpg;200;94
https://cdn.dsmcdn.com/ty112/campaign/banners/original/550832/5e10c6f113_1_detay.jpg;200;48
https://cdn.dsmcdn.com/ty107/campaign/banners/original/331407/49658dbbfd_0_detay.jpg;200;34
https://cdn.dsmcdn.com/ty111/campaign/banners/original/558593/95cafac132_1_detay.jpg;200;55
https://cdn.dsmcdn.com/ty112/campaign/banners/original/566746/855eb9cbde_0_detay.jpg;200;41
https://cdn.dsmcdn.com/ty45/campaign/banners/original/304102/87873e0366_0_detay.jpg;200;37
https://cdn.dsmcdn.com/ty113/campaign/banners/original/568222/e68ddf69a8_1_detay.jpg;200;77
https://cdn.dsmcdn.com/ty102/campaign/banners/original/563544/14b70eb453_1_detay.jpg;200;28
https://cdn.dsmcdn.com/marketing/datascience/automation/2021/5/11/Tvgoruntusessistemsistemleri_Kadin_Mobile_202105111803.jpg;200;97
https://cdn.dsmcdn.com/ty83/campaign/banners/original/411297/7af6a696b3_0_detay.jpg;200;62
https://cdn.dsmcdn.com/ty102/campaign/banners/original/554848/1c15bce1f6_1_detay.jpg;200;50
https://cdn.dsmcdn.com/ty112/campaign/banners/original/568320/20afec4b53_1_detay.jpg;200;57
https://cdn.dsmcdn.com/marketing/datascience/automation/2021/5/11/Ceptelefonubayramfirsatlari_Kadin_Mobile_202105111804.jpg;200;73
https://cdn.dsmcdn.com/ty112/campaign/banners/original/567856/a9b5b28602_1_detay.jpg;200;59
https://cdn.dsmcdn.com/ty113/campaign/banners/original/568004/92fd892115_1_detay.jpg;200;61
https://cdn.dsmcdn.com/ty112/pimWidgetApi/mobile_20210506091205_Hindistanbg200421mobil.jpg;200;56
https://cdn.dsmcdn.com/ty110/campaign/banners/original/566256/ab53385294_0_detay.jpg;200;51
https://cdn.dsmcdn.com/ty112/campaign/banners/original/567931/abaa6cd6b9_1_detay.jpg;200;38
https://cdn.dsmcdn.com/ty72/campaign/banners/original/559975/9a8ea17182_0_detay.jpg;200;64
https://cdn.dsmcdn.com/ty113/campaign/banners/original/568221/4a8ebe5a9c_1_detay.jpg;200;54
https://cdn.dsmcdn.com/ty77/campaign/banners/original/555829/4546a35a16_0_detay.jpg;200;41
https://cdn.dsmcdn.com/ty113/campaign/banners/original/567446/8b407fc944_1_detay.jpg;200;50
https://cdn.dsmcdn.com/ty108/campaign/banners/original/565479/7d0cecc289_1_detay.jpg;200;60
https://cdn.dsmcdn.com/ty113/campaign/banners/original/536810/16e0e37743_1_detay.jpg;200;60
https://cdn.dsmcdn.com/ty111/campaign/banners/original/498693/dcdb95807a_1_detay.jpg;200;49
https://cdn.dsmcdn.com/marketing/datascience/automation/2021/5/11/Mucevherdekacirilmayacakfiyatlar_Kadin_Mobile_202105111801.jpg;200;74
https://cdn.dsmcdn.com/ty82/campaign/banners/original/557722/dfd864cba5_0_detay.jpg;200;44
https://cdn.dsmcdn.com/marketing/datascience/automation/2021/5/11/Procsinherbalscience_Kadin_Mobile_202105111807.jpg;200;76
https://cdn.dsmcdn.com/ty113/pimWidgetApi/mobile_20210511081635_Cartersbg080421mobil.jpg;200;60
https://cdn.dsmcdn.com/ty72/campaign/banners/original/443441/285a6ed681_0_detay.jpg;200;44
https://cdn.dsmcdn.com/ty111/campaign/banners/original/567492/655442fa0b_1_detay.jpg;200;65
https://cdn.dsmcdn.com/ty11/campaign/banners/original/531704/b8968388cd_0_detay.jpg;200;51
https://cdn.dsmcdn.com/ty103/campaign/banners/original/523454/f58dd6ce59_1_detay.jpg;200;26
https://cdn.dsmcdn.com/ty102/campaign/banners/original/380300/5454fa800b_0_detay.jpg;200;76
https://cdn.dsmcdn.com/ty51/campaign/banners/original/372348/0e3d40b877_0_detay.jpg;200;58
https://cdn.dsmcdn.com/ty113/campaign/banners/original/557668/4699b6329a_0_detay.jpg;200;73
https://cdn.dsmcdn.com/ty111/campaign/banners/original/353297/2802429955_1_detay.jpg;200;60
https://cdn.dsmcdn.com/ty70/campaign/banners/original/387797/34d21f4928_0_detay.jpg;200;29
https://cdn.dsmcdn.com/marketing/datascience/automation/2021/5/11/Notecosmetics_Kadin_Mobile_202105111803.jpg;200;78
https://cdn.dsmcdn.com/ty112/campaign/banners/original/568002/2ee87f320a_1_detay.jpg;200;42
https://cdn.dsmcdn.com/ty75/campaign/banners/original/380147/f29c0e054c_0_detay.jpg;200;62
https://cdn.dsmcdn.com/ty113/campaign/banners/original/568025/c44b1ec039_1_detay.jpg;200;78
https://cdn.dsmcdn.com/marketing/datascience/automation/2021/5/11/Slazenger_Kadin_Mobile_202105111807.jpg;200;80
https://cdn.dsmcdn.com/ty110/campaign/banners/original/566803/9f911b7091_1_detay.jpg;200;56
https://cdn.dsmcdn.com/ty75/campaign/banners/original/527753/7bf89e5b7d_0_detay.jpg;200;43
https://cdn.dsmcdn.com/ty105/campaign/banners/original/519107/c75964f66e_1_detay.jpg;200;46
https://cdn.dsmcdn.com/ty103/campaign/banners/original/527105/f5b4585b4c_0_detay.jpg;200;48
https://cdn.dsmcdn.com/ty111/campaign/banners/original/563708/632b01da3d_1_detay.jpg;200;65
https://cdn.dsmcdn.com/ty76/campaign/banners/original/380246/9a2245891d_0_detay.jpg;200;52
https://cdn.dsmcdn.com/ty112/campaign/banners/original/567622/4aaee5f7b3_1_detay.jpg;200;71
https://cdn.dsmcdn.com/ty107/campaign/banners/original/560096/0621776ca3_0_detay.jpg;200;47
https://cdn.dsmcdn.com/ty111/campaign/banners/original/562087/645ae71124_0_detay.jpg;200;62
https://cdn.dsmcdn.com/ty112/campaign/banners/original/567339/06bb170b3a_1_detay.jpg;200;60
https://cdn.dsmcdn.com/ty75/campaign/banners/original/380198/94cf312f86_0_detay.jpg;200;56
https://cdn.dsmcdn.com/ty110/pimWidgetApi/mobile_20210430140527_Gumussetmobil.jpg;200;60
https://cdn.dsmcdn.com/ty112/campaign/banners/original/568373/b6033aff1c_0_detay.jpg;200;59
https://cdn.dsmcdn.com/ty110/campaign/banners/original/537433/99fd44e67c_0_detay.jpg;200;109
https://cdn.dsmcdn.com/ty104/campaign/banners/original/560330/3518b63444_0_detay.jpg;200;53
https://cdn.dsmcdn.com/ty43/campaign/banners/original/527262/118a148eee_0_detay.jpg;200;38
https://cdn.dsmcdn.com/ty109/pimWidgetApi/mobile_20210504125242_DeepFresh040521mobil.jpg;200;42
https://cdn.dsmcdn.com/ty110/campaign/banners/original/559278/4482dc2d0d_0_detay.jpg;200;36
https://cdn.dsmcdn.com/ty112/campaign/banners/original/567257/7879610c1e_0_detay.jpg;200;36
https://cdn.dsmcdn.com/ty112/campaign/banners/original/567945/7199271118_0_detay.jpg;200;37
https://cdn.dsmcdn.com/marketing/datascience/automation/2021/5/11/Yatasbedding_Kadin_Mobile_202105111803.jpg;200;47
https://cdn.dsmcdn.com/ty49/campaign/banners/original/537359/0f41b0c913_0_detay.jpg;200;33
https://cdn.dsmcdn.com/ty111/campaign/banners/original/567453/b49198e644_1_detay.jpg;200;36
https://cdn.dsmcdn.com/ty110/pimWidgetApi/mobile_20210430140303_Yazmobil.jpg;200;98
https://cdn.dsmcdn.com/ty77/campaign/banners/original/301067/0047478f19_1_detay.jpg;200;47
https://cdn.dsmcdn.com/ty112/campaign/banners/original/567703/d42294a2e0_0_detay.jpg;200;60
https://cdn.dsmcdn.com/ty79/campaign/banners/original/557799/2809bd7f94_0_detay.jpg;200;72
https://cdn.dsmcdn.com/ty111/campaign/banners/original/566751/5e391b6d47_0_detay.jpg;200;64
https://cdn.dsmcdn.com/ty112/campaign/banners/original/568361/a26b948576_1_detay.jpg;200;101
https://cdn.dsmcdn.com/ty71/campaign/banners/original/532053/5f72b98630_0_detay.jpg;200;61
https://cdn.dsmcdn.com/ty104/campaign/banners/original/560858/d52e92fedc_1_detay.jpg;200;41
https://cdn.dsmcdn.com/marketing/datascience/automation/2021/5/11/Tefalwmf_Kadin_Mobile_202105111803.jpg;200;88
https://cdn.dsmcdn.com/ty108/pimWidgetApi/mobile_20210504055416_smashbox030521mobil.jpg;200;57
https://cdn.dsmcdn.com/ty111/campaign/banners/original/568001/ae4e18b50c_0_detay.jpg;200;56
https://cdn.dsmcdn.com/ty107/campaign/banners/original/566213/e8b707c459_0_detay.jpg;200;57
https://cdn.dsmcdn.com/ty76/campaign/banners/original/315331/94494a988a_0_detay.jpg;200;39
https://cdn.dsmcdn.com/ty111/campaign/banners/original/567702/4b2792b8ce_0_detay.jpg;200;67
https://cdn.dsmcdn.com/marketing/datascience/automation/2021/5/11/Kulakliklarkablosuzhoparlorlervemuziksistemleri_Kadin_Mobile_202105111803.jpg;200;83
https://cdn.dsmcdn.com/ty112/campaign/banners/original/568243/8517bf9223_1_detay.jpg;200;62
https://cdn.dsmcdn.com/ty112/campaign/banners/original/568220/7038d2dd32_1_detay.jpg;200;53
https://cdn.dsmcdn.com/ty49/campaign/banners/original/560581/90bcc63d5c_0_detay.jpg;200;45
https://cdn.dsmcdn.com/ty112/campaign/banners/original/567639/20903294d4_0_detay.jpg;200;67
https://cdn.dsmcdn.com/ty112/campaign/banners/original/566982/9540887866_0_detay.jpg;200;61
https://cdn.dsmcdn.com/ty111/campaign/banners/original/567616/5ef8d236a0_1_detay.jpg;200;58
https://cdn.dsmcdn.com/ty108/campaign/banners/original/566929/40c0016616_0_detay.jpg;200;59
https://cdn.dsmcdn.com/ty87/campaign/banners/original/507743/8fde2da41d_1_detay.jpg;200;51
https://cdn.dsmcdn.com/ty83/campaign/banners/original/464545/79b6094257_0_detay.jpg;200;55
https://cdn.dsmcdn.com/ty100/campaign/banners/original/555936/e5b72c0bf5_1_detay.jpg;200;42
https://cdn.dsmcdn.com/ty111/campaign/banners/original/568133/16b2bbd9aa_1_detay.jpg;200;53
https://cdn.dsmcdn.com/ty70/campaign/banners/original/398695/d7e0fa3750_0_detay.jpg;200;54
https://cdn.dsmcdn.com/ty111/campaign/banners/original/559629/82732dc085_1_detay.jpg;200;58
https://cdn.dsmcdn.com/ty112/campaign/banners/original/559606/698cc051ca_1_detay.jpg;200;61
https://cdn.dsmcdn.com/ty83/campaign/banners/original/478893/642a63f711_0_detay.jpg;200;48
https://cdn.dsmcdn.com/marketing/datascience/automation/2021/5/11/Denimfirsatlari_Kadin_Mobile_202105111802.jpg;200;71
https://cdn.dsmcdn.com/ty112/campaign/banners/original/567812/889c8eb6b5_1_detay.jpg;200;57
https://cdn.dsmcdn.com/ty112/campaign/banners/original/568351/9b20a3575e_1_detay.jpg;200;56
https://cdn.dsmcdn.com/ty112/campaign/banners/original/567979/55cfdee055_0_detay.jpg;200;63
https://cdn.dsmcdn.com/ty112/campaign/banners/original/567300/feb1edb591_1_detay.jpg;200;106
https://cdn.dsmcdn.com/ty112/campaign/banners/original/567701/f33feda13e_0_detay.jpg;200;70
https://cdn.dsmcdn.com/ty80/campaign/banners/original/556821/c755fef02e_0_detay.jpg;200;60
https://cdn.dsmcdn.com/marketing/datascience/automation/2021/5/11/Evveevhomeenlorahome_Kadin_Mobile_202105111807.jpg;200;65
https://cdn.dsmcdn.com/ty109/campaign/banners/original/315660/df839d854c_0_detay.jpg;200;51
https://cdn.dsmcdn.com/ty104/campaign/banners/original/549019/a065c794a1_1_detay.jpg;200;49
https://cdn.dsmcdn.com/ty111/campaign/banners/original/567713/9755004857_1_detay.jpg;200;54
https://cdn.dsmcdn.com/ty106/campaign/banners/original/566201/a594ee6059_1_detay.jpg;200;55
https://cdn.dsmcdn.com/marketing/datascience/automation/2021/5/11/Disney_Kadin_Mobile_202105111807.jpg;200;72
https://cdn.dsmcdn.com/marketing/datascience/automation/2021/5/11/Mutfaktaenbuyukyardimcilariniz_Kadin_Mobile_202105111803.jpg;200;63
https://cdn.dsmcdn.com/ty113/campaign/banners/original/559605/d7213f93aa_1_detay.jpg;200;63
https://cdn.dsmcdn.com/ty112/campaign/banners/original/568068/91b7412f2e_1_detay.jpg;200;58
https://cdn.dsmcdn.com/ty108/campaign/banners/original/566295/2696103560_0_detay.jpg;200;54
https://cdn.dsmcdn.com/marketing/datascience/automation/2021/5/11/Mobilyadamayisfirsatlari_Kadin_Mobile_202105111803.jpg;200;99
https://cdn.dsmcdn.com/ty113/pimWidgetApi/mobile_20210510101829_Monsterbackground150221mobil.jpg;200;66
https://cdn.dsmcdn.com/ty108/campaign/banners/original/408795/4c9a132282_0_detay.jpg;200;64
https://cdn.dsmcdn.com/ty112/campaign/banners/original/567882/a9ac0e1ad5_1_detay.jpg;200;76
https://cdn.dsmcdn.com/ty79/campaign/banners/original/523907/b21ac155b0_0_detay.jpg;200;43
https://cdn.dsmcdn.com/ty47/campaign/banners/original/454991/561fe133b2_0_detay.jpg;200;64
https://cdn.dsmcdn.com/ty101/campaign/banners/original/553602/2559906b23_0_detay.jpg;200;57
https://cdn.dsmcdn.com/ty111/campaign/banners/original/568449/bb9ee28c54_1_detay.jpg;200;59
https://cdn.dsmcdn.com/ty113/campaign/banners/original/568065/88ba5163f2_1_detay.jpg;200;78
https://cdn.dsmcdn.com/ty105/campaign/banners/original/510952/0483c9c5fc_1_detay.jpg;200;101
https://cdn.dsmcdn.com/ty113/campaign/banners/original/561348/d7609b168f_0_detay.jpg;200;34
https://cdn.dsmcdn.com/ty113/campaign/banners/original/563714/c91cb51f21_1_detay.jpg;200;40
https://cdn.dsmcdn.com/ty103/campaign/banners/original/544578/3bf5b6e650_1_detay.jpg;200;55
https://cdn.dsmcdn.com/ty78/campaign/banners/original/559018/e9b79d1ce1_1_detay.jpg;200;55
https://cdn.dsmcdn.com/marketing/datascience/automation/2021/5/11/Tvaksesuarlari_Kadin_Mobile_202105111803.jpg;200;89
https://cdn.dsmcdn.com/ty89/campaign/banners/original/508547/d039463ba9_0_detay.jpg;200;52
https://cdn.dsmcdn.com/ty106/campaign/banners/original/564598/43e220c339_1_detay.jpg;200;48
https://cdn.dsmcdn.com/ty44/campaign/banners/original/482091/a20c6f6fa2_0_detay.jpg;200;62
https://cdn.dsmcdn.com/ty32/campaign/banners/original/544359/8a28517275_1_detay.jpg;200;53
https://cdn.dsmcdn.com/ty85/campaign/banners/original/305060/f20afe9cb1_1_detay.jpg;200;66
https://cdn.dsmcdn.com/marketing/datascience/automation/2021/5/11/Kisiselbakimaletleri_Kadin_Mobile_202105111803.jpg;200;96
https://cdn.dsmcdn.com/ty113/campaign/banners/original/568160/d6f69130c8_1_detay.jpg;200;67
https://cdn.dsmcdn.com/marketing/datascience/automation/2021/5/11/Jackjoneslevis_Kadin_Mobile_202105111802.jpg;200;76
https://cdn.dsmcdn.com/marketing/datascience/automation/2021/5/11/Oyuncakdiyari_Kadin_Mobile_202105111801.jpg;200;65
https://cdn.dsmcdn.com/ty111/campaign/banners/original/568020/92753b65ad_0_detay.jpg;200;84
https://cdn.dsmcdn.com/ty111/campaign/banners/original/567870/fe5b26d47a_0_detay.jpg;200;69
https://cdn.dsmcdn.com/ty99/campaign/banners/original/562694/7b785213ff_0_detay.jpg;200;47
https://cdn.dsmcdn.com/ty112/campaign/banners/original/565910/dfb8e1c2e8_1_detay.jpg;200;83
https://cdn.dsmcdn.com/ty112/campaign/banners/original/568209/bc1397a3db_1_detay.jpg;200;61
https://cdn.dsmcdn.com/ty113/campaign/banners/original/554808/0446f8c542_1_detay.jpg;200;64
https://cdn.dsmcdn.com/ty112/campaign/banners/original/567255/a80ce4f4bb_0_detay.jpg;200;90
https://cdn.dsmcdn.com/ty43/campaign/banners/original/529990/63dd313436_0_detay.jpg;200;29
https://cdn.dsmcdn.com/ty113/campaign/banners/original/568175/a54794b891_0_detay.jpg;200;88
https://cdn.dsmcdn.com/ty38/campaign/banners/original/556238/1c4b7a6e07_1_detay.jpg;200;32
https://cdn.dsmcdn.com/ty111/campaign/banners/original/568140/abacc12d98_0_detay.jpg;200;56
https://cdn.dsmcdn.com/ty110/campaign/banners/original/567014/e025b09144_1_detay.jpg;200;66
https://cdn.dsmcdn.com/ty112/campaign/banners/original/568163/b34a4d9960_1_detay.jpg;200;91
https://cdn.dsmcdn.com/ty102/campaign/banners/original/527254/d03a2b6c1e_0_detay.jpg;200;56
https://cdn.dsmcdn.com/ty76/campaign/banners/original/315336/fadff2c3f7_0_detay.jpg;200;61
https://cdn.dsmcdn.com/ty99/campaign/banners/original/562332/88df5a92de_0_detay.jpg;200;57
https://cdn.dsmcdn.com/ty101/campaign/banners/original/555460/8041d7de9d_1_detay.jpg;200;55
https://cdn.dsmcdn.com/ty88/campaign/banners/original/533151/5e2252f1f6_0_detay.jpg;200;30
https://cdn.dsmcdn.com/ty80/campaign/banners/original/322975/4ddb756f22_0_detay.jpg;200;52
https://cdn.dsmcdn.com/ty18/campaign/banners/original/559553/d0b870cc66_0_detay.jpg;200;50
https://cdn.dsmcdn.com/ty113/campaign/banners/original/568208/385e422ca1_1_detay.jpg;200;62
https://cdn.dsmcdn.com/marketing/datascience/automation/2021/5/11/Ninewestincibutigo_Kadin_Mobile_202105111802.jpg;200;102
https://cdn.dsmcdn.com/ty103/campaign/banners/original/563712/7aa59b1146_1_detay.jpg;200;29
https://cdn.dsmcdn.com/ty110/campaign/banners/original/567440/e950a552d3_0_detay.jpg;200;97
https://cdn.dsmcdn.com/ty60/campaign/banners/original/543109/ef7e193ec7_0_detay.jpg;200;62
https://cdn.dsmcdn.com/ty103/pimWidgetApi/mobile_20210416141627_nanomaske150421mobil.jpg;200;66
https://cdn.dsmcdn.com/ty111/campaign/banners/original/568052/be2e2def93_1_detay.jpg;200;58
https://cdn.dsmcdn.com/ty106/campaign/banners/original/565714/462eef1e20_1_detay.jpg;200;52
https://cdn.dsmcdn.com/ty113/campaign/banners/original/568162/fcafd05389_0_detay.jpg;200;52
